Title,Detail,Text
คำพิพากษาศาลฎีกาที่ 2710/2566,การที่ผู้ร้องไม่ได้แจ้งรายการหนี้ต่อเจ้าพนักงานที่ดินซึ่งเป็นพนักงานเจ้าหน้าที่ตาม พ.ร.บ.อาคารชุด พ.ศ. 2522 มาตรา 41 วรรคท้าย คงทำให้ผู้ร้องไม่ใช่เจ้าหนี้บุริมสิทธิอันจะได้รับชําระหนี้ก่อนโจทก์ซึ่งเป็นเจ้าหนี้จํานองเท่านั้น แต่ผู้ร้องยังเป็นเจ้าหนี้บุริมสิทธิที่ใช้สิทธิขอกันส่วนได้ในฐานะเจ้าหนี้บุริมสิทธิตาม พ.ร.บ.อาคารชุด พ.ศ. 2522 มาตรา 18 วรรคสอง ประกอบมาตรา 41 (2) และที่ผู้ร้องไม่ได้ส่งรายการหนี้ต่อเจ้าพนักงานบังคับคดีภายในกำหนด สิทธิของผู้ร้องในฐานะเจ้าหนี้เกี่ยวกับค่าใช้จ่ายตาม พ.ร.บ.อาคารชุด พ.ศ. 2522 มาตรา 18 วรรคสอง ซึ่งเป็นบุริมสิทธิลำดับเดียวกับบุริมสิทธิตามมาตรา 273 (1) แห่ง ป.พ.พ. และมีอยู่เหนือทรัพย์ส่วนบุคคลของแต่ละเจ้าของห้องชุดตาม พ.ร.บ.อาคารชุด พ.ศ. 2522 มาตรา 41 (2) ก็ไม่ได้เสียไป เจ้าพนักงานบังคับคดีจึงต้องรับการแจ้งรายการหนี้ค่าใช้จ่ายที่ต้องชําระเพื่อกันเงินที่เหลือจากการขายทอดตลาดห้องชุดหลังจากบังคับจํานองชําระหนี้แก่โจทก์,"ป.พ.พ. ม. 273 (1) ป.วิ.พ. ม. 335 วรรคสอง พ.ร.บ.อาคารชุด พ.ศ.2522 ม. 4 , ม. 18 วรรคสอง , ม. 41 (2) , ม. 41 วรรคท้าย"
คำพิพากษาศาลฎีกาที่ 2610/2566,"คำว่า “กฎหมายที่ใช้ในขณะกระทำความผิด หรือกฎหมายที่ใช้ในภายหลังการกระทำความผิด” ตาม ป.อ. มาตรา 3 นั้น หมายถึงกฎหมายที่บัญญัติถึงการกระทำอันเป็นความผิดหรือบัญญัติถึงโทษ หรือโทษที่จะลงแก่ผู้กระทำความผิด ซึ่งในคดีนี้ได้แก่บทความผิดฐานเป็นผู้ขับขี่เสพเมทแอมเฟตามีนกับฐานมีเมทแอมเฟตามีนไว้ในครอบครองเพื่อจำหน่าย และบทกฎหมายให้เพิ่มโทษแก่ผู้กระทำความผิด หากมีการแก้ไขบทกฎหมายดังกล่าวในทางที่เป็นคุณแก่ผู้กระทำความผิด และมีผลให้จำเลยได้รับโทษน้อยลง ศาลก็มีอำนาจแก้ไขโทษที่จะลงแก่จำเลยได้ภายในเงื่อนไขของมาตรา 3 (1) ในความผิดฐานเป็นผู้ขับขี่เสพเมทแอมเฟตามีน กับฐานมีเมทแอมเฟตามีนไว้ในครอบครองเพื่อจำหน่าย ศาลชั้นต้นวางโทษจำคุก 8 เดือน กับจำคุก 10 ปี และปรับ 700,000 บาท ตามลำดับ เมื่อโทษที่กำหนดในภายหลังสำหรับความผิดฐานเป็นผู้ขับขี่เสพเมทแอมเฟตามีน ตาม พ.ร.บ.จราจรทางบก พ.ศ.2522 มาตรา 43 ทวิ วรรคหนึ่ง, 157/1 วรรคสอง ประกอบ ป.ยาเสพติด มาตรา 162 ระวางโทษจำคุกไม่เกิน 1 ปี 4 เดือน หรือปรับไม่เกิน 26,666.66 บาท หรือทั้งจำทั้งปรับ และเมื่อข้อเท็จจริงได้ความว่าเมทแอมเฟตามีนที่จำเลยมีไว้ในครอบครองเพื่อจำหน่าย เป็นความผิดตามกฎหมายที่บัญญัติในภายหลังตาม ป.ยาเสพติด มาตรา 90, 145 วรรคหนึ่ง มีระวางโทษจำคุกไม่เกิน 15 ปี และปรับไม่เกิน 1,500,000 บาท ดังนั้น โทษที่กำหนดตามคำพิพากษาจึงไม่หนักกว่าโทษที่กำหนดตามกฎหมายที่บัญญัติในภายหลัง ความผิดทั้งสองฐานจึงไม่อยู่ในบังคับตาม ป.อ. มาตรา 3 (1) ที่ศาลจะกำหนดโทษจำเลยใหม่ได้สำหรับประเด็นเรื่องการเพิ่มโทษกึ่งหนึ่งตาม พ.ร.บ.ยาเสพติดให้โทษ พ.ศ. 2522 มาตรา 97 ถูกยกเลิกไปโดย พ.ร.บ.ให้ใช้ประมวลกฎหมายยาเสพติด พ.ศ. 2564 มาตรา 4 ส่วน ป. ยาเสพติด ซึ่งเป็นกฎหมายใหม่ก็ไม่มีบทบัญญัติให้เพิ่มโทษได้ แม้กฎหมายเฉพาะเกี่ยวกับยาเสพติดซึ่งเป็นกฎหมายเฉพาะมิได้บัญญัติเรื่องการเพิ่มโทษไว้ แต่ก็มิได้หมายความว่าศาลไม่อาจเพิ่มโทษตามบทบัญญัติที่ใช้แก่ความผิดทั่วไปตาม ป.อ. เมื่อจำเลยกระทำความผิดเกี่ยวกับยาเสพติดให้โทษอีกโดยไม่เข็ดหลาบ และโจทก์มีคำขอให้เพิ่มโทษตามกฎหมายเดิมไว้แล้ว ย่อมถือได้ว่าโจทก์มีความประสงค์จะขอเพิ่มโทษฐานไม่เข็ดหลาบและได้กล่าวในฟ้องแล้ว ศาลย่อมมีอำนาจเพิ่มโทษจำเลยหนึ่งในสาม ตาม ป.อ. มาตรา 92 ที่เป็นบททั่วไปได้ และถือว่าการเพิ่มโทษเป็นส่วนหนึ่งของโทษตามคำพิพากษา ที่ศาลชั้นต้นกำหนดโทษให้แก่จำเลยใหม่จึงชอบด้วยกฎหมายแล้ว หาใช่เป็นการแก้ไขคำพิพากษาอันถึงที่สุดอันเป็นการต้องห้ามตาม ป.วิ.อ. มาตรา 190 ประกอบ พ.ร.บ.วิธีพิจารณาคดียาเสพติด พ.ศ. 2550 มาตรา 3 ไม่",ป.วิ.พ.
คำพิพากษาศาลฎีกาที่ 2609/2566,"การปรับบทลงโทษฐานมีเมทแอมเฟตามีนไว้ในครอบครองเพื่อจําหน่าย และฐานพยายามจําหน่ายเป็นหลายกรรม และการเพิ่มโทษกึ่งหนึ่งตาม พ.ร.บ.ยาเสพติดให้โทษ พ.ศ. 2522 มาตรา 97 นั้น เนื่องจากมี พ.ร.บ.ให้ใช้ประมวลกฎหมายยาเสพติดที่ออกบังคับใช้ในภายหลังได้ยกเลิก พ.ร.บ.ยาเสพติดให้โทษ พ.ศ. 2522 และรวมทั้งที่แก้ไขเพิ่มเติมทุกฉบับ ซึ่ง ป.ยาเสพติด มาตรา 1 บทนิยามคําว่า “จําหน่าย” มีความหมายรวมถึงการมีไว้เพื่อจําหน่ายด้วย ดังนั้น ความผิดฐานมีเมทแอมเฟตามีนไว้ในความครอบครองเพื่อจําหน่ายและฐานพยายามจําหน่ายจึงเป็นความผิดอย่างเดียวกัน การที่ศาลปรับบทความผิดทั้งสองฐานเป็นหลายกรรม จึงหนักกว่าโทษที่กำหนดตามกฎหมายที่บัญญัติในภายหลังซึ่งลงโทษจําเลยฐานจําหน่ายเมทแอมเฟตามีนเพื่อการค้าตาม ป.ยาเสพติด มาตรา 90, 145 วรรคสอง (1) เพียงกรรมเดียว กรณีจึงอยู่ในหลักเกณฑ์ที่จะกำหนดโทษใหม่ตาม ป.อ. มาตรา 3 (1) สำหรับบทบัญญัติเรื่องการเพิ่มโทษกึ่งหนึ่งตาม พ.ร.บ.ยาเสพติดให้โทษ พ.ศ. 2522 มาตรา 97 ได้ยกเลิกไปแล้ว ส่วน ป.ยาเสพติดซึ่งเป็นกฎหมายที่บัญญัติในภายหลังไม่มีบทบัญญัติให้เพิ่มโทษได้เช่นเดิมอีก ดังนั้น ศาลจึงไม่อาจเพิ่มโทษทั้งตามกฎหมายที่ใช้ในขณะกระทำความผิดและกฎหมายที่ใช้ในภายหลังกระทำความผิดได้ กรณีจึงอยู่ในหลักเกณฑ์ที่จะกำหนดโทษให้จําเลยใหม่ตาม ป.อ. มาตรา 3 (1) เช่นกัน แต่อย่างไรก็ดี เมื่อตาม ป.อ. มาตรา 17 บัญญัติว่า บทบัญญัติที่ใช้แก่ความผิดทั่วไปในประมวลกฎหมายอาญาให้นําไปใช้ในกรณีแห่งความผิดตามกฎหมายอื่นด้วย ดังนั้น แม้กฎหมายเกี่ยวกับยาเสพติดให้โทษอันเป็นกฎหมายอื่นที่มิใช่กฎหมายในประมวลกฎหมายอาญา ไม่ได้บัญญัติเรื่องการเพิ่มโทษเพราะการกระทำผิดซ้ำไว้ เมื่อจําเลยกระทำความผิดเกี่ยวกับยาเสพติดอีกเพราะไม่เข็ดหลาบ และโจทก์มีคําขอให้เพิ่มโทษตามกฎหมายที่ใช้ในขณะกระทำความผิดไว้แล้ว ย่อมถือได้ว่าโจทก์มีความประสงค์ขอเพิ่มโทษฐานไม่เข็ดหลาบ ศาลย่อมมีอำนาจเพิ่มโทษจําเลยได้หนึ่งในสาม ตาม ป.อ. มาตรา 92 ที่เป็นบททั่วไปได้",พ.ร.บ.อาคารชุด พ.ศ.2522
คำพิพากษาศาลฎีกาที่ 2591/2566,การที่จำเลยได้ชำระค่าปรับแก่ศาลไว้ แต่ต่อมามีกฎหมายที่บัญญัติในภายหลังว่าการกระทำของจำเลยไม่เป็นความผิด จำเลยมีสิทธิขอคืนเงินค่าปรับหรือไม่นั้น กรณีของจำเลยต้องตามบทบัญญัติของ ป.อ. มาตรา 2 วรรคสอง ซึ่งบัญญัติว่า ถ้าตามบทบัญญัติของกฎหมายที่บัญญัติในภายหลัง การกระทำเช่นนั้นไม่เป็นความผิดต่อไป ให้ผู้ที่ได้กระทำการนั้นพ้นจากการเป็นผู้กระทำความผิด และถ้าได้มีคำพิพากษาถึงที่สุดให้ลงโทษแล้ว ก็ให้ถือว่าผู้นั้นไม่เคยต้องคำพิพากษาว่าได้กระทำความผิดนั้น ถ้ารับโทษอยู่ก็ให้การลงโทษนั้นสิ้นสุดลง บทบัญญัติดังกล่าวได้แยกผลการกระทำความผิดและการบังคับโทษตามคำพิพากษาที่ถึงที่สุดแล้วจากกันต่างหาก กล่าวคือ ในส่วนของการบังคับตามคำพิพากษาที่ถึงที่สุดนั้น หากมีส่วนใดที่ยังค้างอยู่ระหว่างการบังคับก็ให้การบังคับนั้นสิ้นสุดลง ไม่มีการบังคับในส่วนที่ค้างอยู่ต่อไปเท่านั้น หาได้มีผลให้รื้อฟื้นการบังคับโทษที่เสร็จสิ้นไปแล้วขึ้นมาพิจารณาใหม่อีกแต่อย่างใด โทษที่ได้รับมาแล้วต้องถือว่ายุติไปตามผลของคำพิพากษา ดังนั้น ค่าปรับที่จำเลยชำระไปตามคำพิพากษาจนครบถ้วนแล้วจึงถือว่าการบังคับโทษปรับเสร็จสิ้นแล้ว ไม่อาจถอนคืนได้ จำเลยไม่มีสิทธิขอคืนเงินค่าปรับ,"ป.อ. ม. 3 , ม. 92 ป.วิ.อ. ม. 190 พ.ร.บ.จราจรทางบก พ.ศ.2522 ม. 43 ทวิ วรรคหนึ่ง , ม. 157/1 วรรคสอง พ.ร.บ.ยาเสพติดให้โทษ พ.ศ.2522 ม. 97 พ.ร.บ.วิธีพิจารณาคดียาเสพติดให้โทษ พ.ศ.2550 ม. 3"
คำพิพากษาศาลฎีกาที่ 2525/2566,กรณีเชื่อว่าจำเลยที่ 1 และจำเลยที่ 2 ร่วมกับจำเลยที่ 3 และจำเลยที่ 4 มีเจตนาวางแผนร่วมกันนำเข้าสินค้าโดยแยกกันนำเข้าเพื่อประโยชน์ในการหลีกเลี่ยงภาษีนำเข้าและได้รับประโยชน์ทางธุรกิจร่วมกัน โดยในวันที่ 29 เมษายน 2547 วันที่ 13 พฤษภาคม 2547 วันที่ 27 พฤษภาคม 2547 วันที่ 3 มิถุนายน 2547 และวันที่ 14 มิถุนายน 2547 จำเลยที่ 1 สำแดงเป็นแชสซีที่มีเครื่องยนต์ (Chassis Fitted with Engine for Truck/Tractor) ประเภทพิกัด 8706.00 เสียอัตราอากรร้อยละ 10 ส่วนที่จำเลยที่ 2 สำแดงเป็นชิ้นส่วนหัวเก๋ง (Cab Shell) พร้อมอุปกรณ์ (Parts and Accessories of Cab) ประเภทพิกัด 8707.900 ประเภทพิกัด 8708.400 ประเภทพิกัด 8708.940 และประเภทพิกัด 9401.200 เสียอัตราอากรร้อยละ 40 ร้อยละ 30 ร้อยละ 10 และร้อยละ 10 ตามลำดับ การสำแดงและแยกการนำเข้าดังกล่าวเป็นการกระทำที่แบ่งหน้าที่กันทำเพื่อให้ยากแก่การตรวจสอบและชักพาให้พนักงานเจ้าหน้าที่ของกรมศุลกากรผิดหลงในรายการสินค้าและประเภทพิกัดอัตราอากรขาเข้าเพื่อจะได้ชำระอากรขาเข้าเป็นเงินจำนวนน้อยกว่าอากรขาเข้าตามประเภทพิกัดอัตราอากรขาเข้าที่ถูกต้อง คือ ชิ้นส่วนของ Truck Tractor Chassis with Cab and Accessories of Cab เพื่อประกอบเป็นรถทรัคแทรกเตอร์ครบชุดสมบูรณ์ทั้งคัน (CKD) เข้าประเภทพิกัด 8701.20 อัตราอากรร้อยละ 30 ถือได้ว่าจำเลยทั้งสี่มีเจตนาจะฉ้ออากรที่ต้องเสียสำหรับของนั้น ๆ ส่วนคำวินิจฉัยอุทธรณ์ คณะกรรมการพิจารณาอุทธรณ์ให้เหตุผลว่า หลักเกณฑ์ที่ใช้ในการพิสูจน์การกระทำความผิดในทางอาญาเป็นคนละส่วนกับหลักเกณฑ์ที่ใช้ในการพิจารณาปัญหาประเภทพิกัด เมื่อในขณะนำเข้าสินค้าจำเลยที่ 1 กับจำเลยที่ 2 แยกการนำเข้าต่างหากจากกัน การพิจารณาปัญหาพิกัดจึงต้องแยกการพิจารณาเป็นรายบริษัท คำวินิจฉัยอุทธรณ์ดังกล่าวจึงไม่ใช่ข้อยืนยันว่าจำเลยทั้งสี่ไม่ได้กระทำความผิดตามฟ้อง อนึ่ง ระหว่างการพิจารณาของศาลฎีกา มี พ.ร.บ.ศุลกากร พ.ศ. 2560 มาตรา 3 บัญญัติว่า “ให้ยกเลิก (1) พ.ร.บ.ศุลกากร พ.ศ. 2469 และ (11) พ.ร.บ.ศุลกากร (ฉบับที่ 11) พ.ศ. 2490” แต่ พ.ร.บ.ศุลกากร พ.ศ. 2560 มาตรา 243 ยังบัญญัติให้การกระทำความผิดตามฟ้องยังเป็นความผิดอยู่ โดยมีระวางโทษจำคุกไม่เกินสิบปี หรือปรับเป็นเงินตั้งแต่ครึ่งเท่าแต่ไม่เกินสี่เท่าของค่าอากรที่ต้องเสียเพิ่ม หรือทั้งจำทั้งปรับ แต่โทษตาม พ.ร.บ.ศุลกากร พ.ศ. 2469 มาตรา 27 สำหรับความผิดครั้งหนึ่ง ให้ปรับเป็นเงินสี่เท่าราคาของซึ่งได้รวมค่าอากรเข้าด้วยแล้ว หรือจำคุกไม่เกินสิบปี หรือทั้งปรับทั้งจำ จึงให้ใช้กฎหมายในส่วนที่เป็นคุณทั้งกฎหมายเก่าในส่วนที่ให้ปรับรวมและกฎหมายใหม่ในส่วนโทษแก่ผู้กระทำความผิดไม่ว่าในทางใดตาม ป.อ. มาตรา 3,ป.วิ.อ.
คำพิพากษาศาลฎีกาที่ 2241/2566,ผู้มีส่วนได้เสียที่จะร้องขอให้ตั้งผู้จัดการมรดกตาม ป.พ.พ. มาตรา 1713 วรรคหนึ่ง หาจำต้องมีส่วนได้เสียในทรัพย์มรดกของผู้ตายโดยเป็นทายาทของผู้ตายทุกกรณีไม่ เมื่อผู้ร้องเป็นบุตรโดยชอบด้วยกฎหมายของ  ผู้ตายที่ 1 กับ ศ. เมื่อวันที่ 27 มกราคม 2556 ผู้ตายที่ 1 ถึงแก่ความตาย ก่อนตายผู้ตายที่ 1 มีทรัพย์สินเป็นที่ดิน 2 แปลง คือที่ดินตามหนังสือรับรองการทำประโยชน์ เลขที่ 419 และ 420 โดยผู้ตายที่ 1 กับผู้ตายที่ 2 ทำประโยชน์และมีชื่อเป็นผู้ครอบครองร่วมกันตั้งแต่ปี 2516 โดยมีข้อตกลงกันว่าผู้ตายที่ 1 เป็นผู้ทำกินโดยปลูกข้าวและนำผลผลิตมาอุปการะเลี้ยงดูผู้ตายที่ 2 หากผู้ตายที่ 2 ถึงแก่ความตายก็ให้ที่ดินทั้งหมดตกเป็นสิทธิของผู้ตายที่ 1 เพียงผู้เดียว ต่อมาผู้ตายที่ 2 ถึงแก่ความตายโดยมิได้ทำพินัยกรรมและมิได้แต่งตั้งผู้ใดเป็นผู้จัดการมรดก ผู้ตายที่ 1 ได้ครอบครองและทำประโยชน์ในที่ดินทั้งสองแปลงมาโดยตลอด จนกระทั่งถึงแก่ความตาย ผู้ร้องซึ่งเป็นบุตรของผู้ตายที่ 1 ย่อมเป็นทายาทโดยธรรมและเป็นผู้มีส่วนได้เสียในทรัพย์มรดกในที่ดินทั้งสองแปลงดังกล่าวของผู้ตายที่ 2 เมื่อปรากฏว่าการจัดการมรดกมีเหตุขัดข้องและผู้ร้องมิได้เป็นบุคคลต้องห้ามมิให้เป็นผู้จัดการมรดก จึงเห็นสมควรตั้งผู้ร้องเป็นผู้จัดการมรดกของผู้ตายที่ 2,พ.ร.บ.จราจรทางบก พ.ศ.2522
คำพิพากษาศาลฎีกาที่ 2085/2566,"ตาม ป.พ.พ. มาตรา 340 โจทก์ส่งข้อความถึงจำเลยผ่านทางแอปพลิเคชันวีแชต ซึ่งข้อความที่โจทก์ส่งถึงจำเลยมีเนื้อความว่า “ตัวเองไม่ต้องคืนเงินพี่แล้วนะ แล้วพี่ก็จะไม่ทวงไม่ทำให้ตัวเองลำบากใจอีก พี่ขอโทษกับเรื่องราวที่ผ่านมา และอยากให้รู้ว่าพี่ยังรักตัวเองอยู่” ข้อความการสนทนาดังกล่าวแสดงให้เห็นว่า โจทก์ไม่ประสงค์จะทวงเงินที่จำเลยยืมไปอีก เป็นการแสดงเจตนาปลดหนี้ให้แก่จำเลย ส่วนที่โจทก์อ้างว่าเป็นการปลดหนี้จำนวนอื่น ไม่ใช่หนี้จำนวน 105,000 บาท จำเลยยืมไปแล้วยังไม่ชำระคืนให้โจทก์ตามฟ้อง เห็นว่า โจทก์ส่งข้อความทางแอปพลิเคชันไลน์ทวงเงินคืนจากจำเลย และส่งข้อความถึงจำเลยให้เวลาจำเลยคืนเงินภายในเวลา 1 เดือน เมื่อจำเลยมีพยานหลักฐานคือข้อความที่โจทก์ส่งถึงจำเลยทางแอปพลิเคชันวีแชต ซึ่งเป็นเวลาภายหลังจากที่โจทก์ทวงเงินคืนจากจำเลยว่าโจทก์ปลดหนี้ตามฟ้องให้จำเลยแล้ว แม้ข้อความจะไม่ได้ระบุชัดว่ามูลหนี้ใดและโจทก์อ้างว่าหมายถึงหนี้ จำนวนเล็ก ๆ น้อย ๆ อื่น แต่มูลหนี้ที่โจทก์ฟ้องว่าจำเลยยืมจากโจทก์ก็คงมีเพียงมูลหนี้ 105,000 บาท เพียงอย่างเดียว เมื่อพิเคราะห์ประกอบกับที่โจทก์เบิกความตอบทนายโจทก์ถามเพิ่มว่า โจทก์คบหากับจำเลย ระหว่างที่คบหาก็มีการให้ยืมเงินเล็ก ๆ น้อย ๆ บ้างประมาณ 1,000 บาท ถึง 2,000 บาท บ้าง และให้ทั้งที่เป็นเงินสดและโอนเข้าบัญชีการให้ดังกล่าวเป็นการให้โดยเสน่หา ยิ่งสนับสนุนให้เห็นว่าเงินจำนวนเล็กน้อยที่โจทก์อ้างนั้นเป็นการให้โดยเสน่หาเฉกเช่นคนรักที่คบหากัน ไม่ใช่มูลหนี้อื่นตามที่โจทก์อ้าง และไม่ปรากฏว่าโจทก์นำพยานหลักฐานที่แสดงให้เห็นว่ามีมูลหนี้ที่จำเลยยืมจากโจทก์จำนวนอื่นอีก แม้การแสดงเจตนาปลดหนี้จะใช้วิธีการส่งข้อความผ่านทางแอปพลิเคชันวีแชต ซึ่งมิใช่การส่งผ่านทางแอปพลิเคชันไลน์ตามที่โจทก์เคยใช้ติดต่อกับจำเลย ก็ได้ความจากคำฟ้องอุทธรณ์ของโจทก์เองว่า จำเลยตัดช่องทางการติดต่อกับโจทก์ โจทก์ได้ติดต่อจำเลยทางโทรศัพท์แต่จำเลยไม่รับ จึงติดต่อไปทางแอปพลิเคชันวีแชต จึงเชื่อว่าหนี้ที่โจทก์แสดงเจตนาปลดหนี้เป็นหนี้จำนวนเดียวกันกับที่โจทก์ให้จำเลยกู้ยืมตามฟ้อง การส่งข้อความผ่านทางแอปพลิเคชันวีแชตเป็นการสนทนาผ่านระบบเครือข่ายอินเทอร์เน็ต ถือเป็นการส่งข้อมูลทางอิเล็กทรอนิกส์จึงต้องนำ พ.ร.บ.ว่าด้วยธุรกรรมทางอิเล็กทรอนิกส์ พ.ศ. 2544 มาใช้บังคับด้วย เมื่อโจทก์ยอมรับว่าโจทก์ส่งข้อความดังกล่าวให้จำเลยผ่านทางแอปพลิเคชันวีแชต ซึ่งสามารถยืนยันตัวตนโจทก์ได้ ข้อความการสนทนาดังกล่าวจึงรับฟังได้ว่าเป็นการแสดงเจตนาปลดหนี้ให้แก่จำเลยโดยมีหลักฐานเป็นหนังสือตาม ป.พ.พ. มาตรา 340 วรรคสอง ประกอบ พ.ร.บ.ว่าด้วยธุรกรรมทางอิเล็กทรอนิกส์ พ.ศ. 2544 มาตรา 7, 8 พยานหลักฐานของจำเลยมีน้ำหนักให้รับฟังได้มากกว่าพยานหลักฐานของโจทก์ ข้อเท็จจริงฟังได้ว่า จำเลยได้รับการปลดหนี้จากการกู้ยืมเงินตามฟ้องโจทก์แล้ว จำเลยจึงไม่ต้องรับผิดชำระหนี้แก่โจทก์",พ.ร.บ.ยาเสพติดให้โทษ พ.ศ.2522
คำพิพากษาศาลฎีกาที่ 2040/2566,จำเลยนำซากรถยนต์เก๋งยี่ห้อ MINI AUSTIN และหัวเก๋งยี่ห้อ MINI ROVER พร้อมเครื่องยนต์อีก 2 เครื่อง มาประกอบเข้าด้วยกันเป็นรถยนต์ของกลางแล้วโฆษณาประกาศขาย ซึ่งการซื้อซากรถยนต์เก๋งยี่ห้อ MINI AUSTIN และหัวเก๋งยี่ห้อ MINI ROVER ไม่ปรากฏว่าจำเลยกับผู้ขายได้แจ้งจดทะเบียนการโอน ทั้งไม่มีใบคู่มือจดทะเบียนรถ บ่งชี้ให้เห็นว่าซากรถยนต์และหัวเก๋งดังกล่าวจำเลยซื้อมาในสภาพของชิ้นส่วนอะไหล่เก่า การที่จำเลยนำมาประกอบเข้าด้วยกันเป็นรถยนต์ของกลางเท่ากับเป็นการผลิตสินค้าตามความในมาตรา 4 แห่ง พ.ร.บ.ภาษีสรรพสามิต พ.ศ. 2560 หาใช่การซ่อมแซมหรือบำรุงรักษารถยนต์เก่า รถยนต์ของกลางจึงเป็นสินค้าที่ต้องเสียภาษีสรรพสามิต การที่จำเลยมีรถยนต์ของกลางที่ยังไม่ได้เสียภาษีสรรพสามิตไว้เพื่อขายจึงเป็นความผิด,พ.ร.บ.วิธีพิจารณาคดียาเสพติดให้โทษ พ.ศ.2550
คำพิพากษาศาลฎีกาที่ 1978/2566,การขับรถกระบะบรรทุกของกลางที่มีการทำหลังคาฝาปิดด้านข้างและด้านท้ายจากจังหวัดกาญจนบุรีไปจังหวัดสมุทรปราการมีระยะทางไกลเกินกว่าจะเดินไปได้เอง จำเลยจำเป็นต้องใช้รถของกลางเป็นยานพาหนะพาคนต่างด้าวเดินทางไป โดยใช้วิธีการให้คนต่างด้าวสองคนหลบซ่อนอยู่ในช่องใต้หลังคาด้านบนของหัวรถ แล้วใช้ถังน้ำมันขนาดประมาณ 30 ลิตร หลายถังปิดบังไว้ อันเป็นการซ่อนเร้นคนต่างด้าวดังกล่าว จึงมิใช่การใช้รถของกลางตามสภาพอย่างยานพาหนะโดยสารทั่วไป อันเป็นข้อที่แสดงให้เห็นถึงเจตนาของจำเลยที่มุ่งประสงค์จะใช้รถของกลางในการช่วยเหลือ ซ่อนเร้น หรือช่วยด้วยประการใด ๆ เพื่อให้คนต่างด้าวพ้นจากการจับกุม รถของกลางจึงเป็นทรัพย์ที่จำเลยได้ใช้ในการกระทำความผิด ศาลมีอำนาจริบได้ตาม ป.อ. มาตรา 33 (1),"ป.อ. ม. 3 (1) , ม. 17 , ม. 92 พ.ร.บ.ยาเสพติดให้โทษ พ.ศ.2522 ม. 97"
คำพิพากษาศาลฎีกาที่ 1967/2566,ท. ยื่นคำร้องขอถอนฟ้องคดีนี้ โดยศาลอุทธรณ์ภาค 1 มีคำสั่งให้ศาลชั้นต้นสอบถาม ม. กรรมการผู้มีอำนาจกระทำการแทนโจทก์ เรื่องการถอนฟ้องของ ท. เพื่อให้ได้ความกระจ่างว่า ท. มีอำนาจถอนฟ้องคดีนี้จริงหรือไม่ แต่ ม. ซึ่งมีภูมิลำเนาอยู่ที่ประเทศญี่ปุ่นประสบปัญหาเรื่องการเดินทางเข้ามาในประเทศไทย อันเนื่องจากสถานการณ์โลกในขณะนั้นมีการแพร่ระบาดของโรคโควิด - 19 เป็นวงกว้าง ม. จึงส่งบันทึกถ้อยคำตอบข้อซักถามของศาลอุทธรณ์ภาค 1 ที่กระทำในต่างประเทศโดยมีโนตารีพับลิกและสถานเอกอัครราชทูตไทยในประเทศญี่ปุ่นรับรองว่า ม. ลงลายมือชื่อในเอกสารต่อหน้าตนต่อศาลชั้นต้นแทนการให้ถ้อยคำด้วยวาจาซึ่งศาลชั้นต้นมีคำสั่งอนุญาต จึงรับฟังบันทึกถ้อยคำดังกล่าวแทนการสอบถามข้อเท็จจริงด้วยวาจาได้ ทั้งคำสั่งของศาลอุทธรณ์ภาค 1 ที่ให้ศาลชั้นต้นสอบถาม ม. ด้วยวาจาในเรื่องการถอนฟ้องเป็นไปเพื่อความกระจ่างในเรื่องดังกล่าว มิใช่เป็นการให้สืบพยานเพิ่มเติมตาม ป.วิ.อ. มาตรา 208 (1) จึงไม่จำต้องสืบพยานปาก ม. ที่ศาลอื่น หรือสถานที่ทำการของทางราชการ หรือสถานที่แห่งอื่นนอกศาล โดยจัดให้มีการถ่ายทอดภาพและเสียงในลักษณะการประชุมทางจอภาพตาม ป.วิ.อ. มาตรา 230/1 ดังนี้ เมื่อบันทึกถ้อยคำของ ม. ระบุว่า ท. ไม่ใช่กรรมการผู้มีอำนาจกระทำการแทนโจทก์ และตราประทับที่ ท. ได้ประทับในคำร้องขอถอนฟ้องไม่ใช่ตราประทับของโจทก์ กับ ท. ไม่มีอำนาจยื่นคำร้องขอถอนฟ้องในนามของโจทก์ คำร้องขอถอนฟ้องของ ท. จึงไม่มีผลผูกพันโจทก์ และปรากฏตามหนังสือรับรองข้อเท็จจริงว่า ม. ในฐานะกรรมการผู้แทนแต่เพียงผู้เดียวของโจทก์ขอรับรองว่าโจทก์ไม่มีเจตนาจะถอนฟ้องคดีนี้แต่อย่างใด จึงฟังไม่ได้ว่าโจทก์ถอนฟ้องคดีนี้,พ.ร.บ.ยาเสพติดให้โทษ พ.ศ.2522
คำพิพากษาศาลฎีกาที่ 1879/2566,จำเลยประกอบธุรกิจธนาคารรับฝากเงิน ทำการโฆษณาทางสื่อสังคมออนไลน์ด้วยข้อความว่าเป็นการรับฝากเงินสงเคราะห์ แบบคุ้มครองสินเชื่อแก่ลูกค้าผู้กู้ของธนาคาร โดยกำหนดคุณสมบัติของผู้ฝากเงินสงเคราะห์และเงื่อนไขสำคัญว่า ผู้ฝากเงินสงเคราะห์ต้องมีคุณสมบัติเป็นเกษตรกรลูกค้าผู้กู้และคู่สมรส อายุระหว่าง 20 ปี ถึง 70 ปี ชำระเงินต่อปี โดยมีผลประโยชน์กรณีเสียชีวิตด้วยอุบัติเหตุรับเพิ่ม 100 เปอร์เซ็นต์ ของเงินทุนสงเคราะห์ ข้อความโฆษณาดังกล่าวจำเลยนำมาจากหลักเกณฑ์และเงื่อนไขในกรมธรรม์มอบรัก 1/1 ย่อมทำให้ผู้ตายซึ่งเป็นผู้บริโภคเข้าใจว่า หากผู้ตายเป็นลูกค้าของธนาคารจำเลย นำเงินไปฝากกับจำเลยตามจำนวนและต้องด้วยหลักเกณฑ์ที่กำหนดไว้ในคำโฆษณาแล้ว ผู้ตายซึ่งเป็นคู่สัญญาฝากทรัพย์จะได้รับความคุ้มครองตามเงื่อนไขต่าง ๆ ของกรมธรรม์มอบรัก 1/1 ที่จำเลยโฆษณาไว้ด้วย จำเลยจึงต้องผูกพันให้ความคุ้มครองแก่ผู้ตายตามที่ตนโฆษณาซึ่งถือเป็นส่วนหนึ่งของสัญญาตาม พ.ร.บ.วิธีพิจารณาคดีผู้บริโภค พ.ศ. 2551 มาตรา 11 การที่ผู้ตายขอฝากเงินสงเคราะห์ต่อจำเลยโดยมุ่งหวังรับผลประโยชน์ตามกรมธรรม์มอบรัก 1/1 จึงเป็นการแสดงเจตนาทำสัญญาฝากทรัพย์โดยมีความคุ้มครองประกันชีวิตให้แก่ผู้ตายอยู่ด้วย เพราะต้องตีความไปในทางที่เป็นคุณแก่ผู้ตายซึ่งเป็นผู้บริโภคซึ่งจะเป็นผู้ต้องเสียในมูลหนี้ตาม ป.พ.พ. มาตรา 11 จำเลยจึงต้องรับผิดต่อโจทก์ซึ่งเป็นผู้รับประโยชน์ตามใบคำขอฝากเงินสงเคราะห์,ป.อ. ม. 2 วรรคสอง
คำพิพากษาศาลฎีกาที่ 1878/2566,"โจทก์และโจทก์ร่วมฟ้องจำเลยที่ 3 ซึ่งเป็นผู้รับประกันภัยภาคบังคับให้รับผิดในมูลหนี้ตามสัญญาประกันภัย ซึ่งเป็นคนละส่วนแยกต่างหากจากกันกับการฟ้องให้จำเลยที่ 1 และที่ 2 รับผิดในมูลหนี้ละเมิด เมื่อกรมธรรม์ประกันคุ้มครองผู้ประสบภัยจากรถระบุจำนวนเงินคุ้มครองผู้ประสบภัยสำหรับการเสียชีวิตจ่ายเต็มตามจำนวนเงินคุ้มครองสูงสุด 300,000 บาท ต่อหนึ่งคนสำหรับการเสียชีวิต จำเลยที่ 3 ซึ่งเป็นผู้รับประกันภัยจึงต้องชําระแก่โจทก์และโจทก์ร่วมที่เป็นทายาทโดยไม่สามารถปฏิเสธความรับผิดได้ แต่อย่างไรก็ตาม การชดใช้ค่าสินไหมทดแทนตามกรมธรรม์ประกันคุ้มครองผู้ประสบภัยจากรถ เป็นส่วนหนึ่งของเงินค่าสินไหมทดแทนตาม ป.พ.พ. โดย พ.ร.บ.คุ้มครองผู้ประสบภัยจากรถ พ.ศ. 2535 มาตรา 22 บัญญัติว่า “การได้รับชดใช้ค่าเสียหายเบื้องต้นตามมาตรา 20 ไม่ตัดสิทธิผู้ประสบภัยที่จะเรียกร้องค่าสินไหมทดแทนเพิ่มเติมตามประมวลกฎหมายแพ่งและพาณิชย์” มาตรา 25 วรรคสอง บัญญัติว่า “ให้ถือว่าค่าเสียหายเบื้องต้นเป็นส่วนหนึ่งของเงินค่าสินไหมทดแทนตามประมวลกฎหมายแพ่งและพาณิชย์” และมาตรา 31 บัญญัติว่า “ในกรณีที่ความเสียหายเกิดขึ้นจากการกระทำของบุคคลภายนอก หรือเกิดขึ้นเพราะความจงใจหรือความประมาทเลินเล่ออย่างร้ายแรงของเจ้าของรถ ผู้ขับขี่ ผู้ซึ่งอยู่ในรถ หรือผู้ประสบภัย เมื่อบริษัทได้จ่ายค่าเสียหายเบื้องต้นหรือค่าสินไหมทดแทน....ไปแล้วจำนวนเท่าใดให้บริษัท...มีสิทธิไล่เบี้ยเอาแก่บุคคลดังกล่าวหรือมีสิทธิเรียกให้ผู้ประสบภัยคืนเงินดังกล่าวได้” อันหมายความว่าเมื่อมีความเสียหายเกิดขึ้นแก่ผู้ประสบภัยจากรถ เมื่อผู้ประสบภัยได้รับค่าเสียหายเบื้องต้นแล้ว ผู้ประสบภัยยังสามารถเรียกร้องค่าสินไหมทดแทนตาม ป.พ.พ. จากผู้ก่อความเสียหายได้อีก และในกรณีที่ความเสียหายเกิดจากบุคคลภายนอก เมื่อบริษัทผู้รับประกันภัยได้จ่ายค่าเสียหายเบื้องต้นหรือค่าสินไหมทดแทนไปแล้วจำนวนเท่าใด บริษัทก็มีสิทธิไล่เบี้ยเอาแก่บุคคลภายนอกผู้ก่อให้เกิดความเสียหายได้ ค่าเสียหายเบื้องต้นหรือค่าสินไหมทดแทนที่จะต้องจ่ายตามกรมธรรม์ประกันคุ้มครองผู้ประสบภัยจากรถนี้จึงเป็นการจ่ายตามสัญญาประกันวินาศภัย ซึ่งค่าสินไหมทดแทนตามเงื่อนไขความคุ้มครองหมายถึงค่าเสียหายเบื้องต้นและค่าเสียหายส่วนที่เกินจากค่าเสียหายเบื้องต้นตามมาตรา 20 แห่งพระราชบัญญัติดังกล่าว จำนวนเงินที่คุ้มครองผู้ประสบภัยดังกล่าว จึงเป็นค่าสินไหมทดแทนตาม ป.พ.พ. นั่นเอง",ป.อ. ม. 3 พ.ร.บ.ศุลกากร พ.ศ.2469 ม. 27
คำพิพากษาศาลฎีกาที่ 1874/2566,ตาม พ.ร.บ.จัดตั้งศาลแรงงานและวิธีพิจารณาคดีแรงงาน พ.ศ. 2522 มาตรา 51 วรรคหนึ่ง ศาลแรงงานจะต้องมีคำพิพากษาหรือคำสั่งเป็นหนังสือ และต้องมีส่วนสำคัญ 3 ประการ ประการแรก ต้องกล่าวหรือแสดงข้อเท็จจริงที่ฟังได้โดยสรุปเพื่อให้ศาลอุทธรณ์คดีชำนัญพิเศษหรือศาลฎีกาจะได้นำข้อเท็จจริงที่ศาลแรงงานได้ฟังไว้นั้นมาวินิจฉัยข้อกฎหมายต่อไปหากมีการอุทธรณ์หรือฎีกาในประเด็นนั้น ประการที่สอง จะต้องแสดงคำวินิจฉัยให้ปรากฏตามประเด็นแห่งคดีที่ศาลแรงงานจดไว้ตาม พ.ร.บ.จัดตั้งศาลแรงงานและวิธีพิจารณาคดีแรงงาน พ.ศ. 2522 มาตรา 39 วรรคหนึ่ง และประการที่สาม คำวินิจฉัยในประเด็นแห่งคดีนั้นจะต้องมีเหตุผลแห่งคำวินิจฉัยเพื่อให้ทราบว่าศาลแรงงานได้นำข้อเท็จจริงหรือข้อกฎหมายใดเป็นหลักในการวินิจฉัยคดีและถูกต้องตามหลักเกณฑ์ในการรับฟังพยานหลักฐานและการแปลความบทบัญญัติของกฎหมายหรือไม่ข้อเท็จจริงที่ศาลแรงงานกลางนำมาใช้วินิจฉัยว่า จำเลยเลิกจ้างโจทก์ไม่เป็นการเลิกจ้างที่ไม่เป็นธรรม ศาลแรงงานกลางอ้างถึงเหตุต่าง ๆ ล้วนแล้วแต่เป็นข้อต่อสู้ตามคำให้การของจำเลยเพียงฝ่ายเดียว ซึ่งไม่ปรากฏว่าศาลแรงงานกลางได้รับฟังข้อเท็จจริงดังกล่าวมาอย่างชัดแจ้ง คงปรากฏเฉพาะเพียงการนำคำพยานโจทก์และพยานจำเลยมาเรียงต่อกัน แล้วศาลแรงงานกลางวินิจฉัยไปตามข้อต่อสู้ในคำให้การของจำเลย โดยไม่ปรากฏถึงเหตุผลของคำวินิจฉัยว่ามีข้อเท็จจริงดังกล่าวเกิดขึ้นจริงหรือไม่ และเหตุใดศาลแรงงานกลางจึงเชื่อว่ามีข้อเท็จจริงตามข้อต่อสู้ของจำเลยเช่นนั้น คำพิพากษาของศาลแรงงานกลางเช่นนี้ จึงไม่ชอบด้วยกระบวนพิจารณาในการรับฟังพยานหลักฐาน และเป็นคำพิพากษาที่ไม่ชอบ,พ.ร.บ.ศุลกากร พ.ศ.2469
คำพิพากษาศาลฎีกาที่ 1788/2566,ประมวลกฎหมายแพ่งและพาณิชย์ พ.ศ. 2564 มาตรา 7 วรรคสอง กำหนดว่า อัตราดอกเบี้ยอาจปรับเปลี่ยนให้ลดลงหรือเพิ่มขึ้นเพื่อให้สอดคล้องกับสภาพเศรษฐกิจของประเทศได้โดยตราเป็นพระราชกฤษฎีกา โดยให้กระทรวงการคลังพิจารณาทบทวนทุกสามปี แต่ศาลอุทธรณ์ภาค 8 ยังมิได้กำหนดกรณีดังกล่าวไว้ในคำพิพากษา ศาลฎีกาจึงเห็นสมควรแก้ไขให้ถูกต้อง ปัญหาดังกล่าวเป็นข้อกฎหมายอันเกี่ยวด้วยความสงบเรียบร้อยของประชาชน ศาลฎีกามีอำนาจยกขึ้นวินิจฉัยได้ตาม ป.วิ.พ. มาตรา 142 (5) มาตรา 246 และมาตรา 252 ประกอบ ป.วิ.อ. มาตรา 40,ป.พ.พ. ม. 1713 วรรคหนึ่ง
คำพิพากษาศาลฎีกาที่ 1785/2566,การร้องขอให้บังคับคดีซึ่งต้องกระทำภายใน 10 ปี นับแต่วันมีคำพิพากษาหรือคำสั่ง เป็นระยะเวลาที่กำหนดไว้ใน ป.วิ.พ. มาตรา 271 (เดิม) ศาลมีอำนาจที่จะขยายหรือย่นระยะเวลาได้โดยคู่ความไม่จำต้องร้องขอ เมื่อมีพฤติการณ์พิเศษและศาลได้มีคำสั่งก่อนสิ้นระยะเวลานั้น เว้นแต่ในกรณีที่มีเหตุสุดวิสัยตามมาตรา 23ศาลชั้นต้นมีคำพิพากษาวันที่ 13 พฤศจิกายน 2543 คดีถึงที่สุดแล้ว โจทก์ขอให้บังคับคดีและศาลชั้นต้นออกหมายบังคับคดีเมื่อวันที่ 24 กรกฎาคม 2546 ต่อมาโจทก์โอนสิทธิเรียกร้องที่มีต่อจำเลยรวมถึงหนี้ตามคำพิพากษาคดีนี้ให้แก่บริษัทบริหารสินทรัพย์ ส. วันที่ 10 พฤศจิกายน 2553 บริษัทบริหารสินทรัพย์ ส. ยื่นคำร้องขอสวมสิทธิเป็นเจ้าหนี้ตามคำพิพากษาแทนโจทก์ และวันที่ 11 พฤศจิกายน 2553 บริษัทบริหารสินทรัพย์ ส. ยื่นคำขอให้เจ้าพนักงานบังคับคดียึดที่ดินโฉนดเลขที่ 141813 พร้อมสิ่งปลูกสร้าง การดำเนินการของบริษัทบริหารสินทรัพย์ ส. ยังอยู่ภายในกำหนดระยะเวลาบังคับคดี 10 ปี แต่ศาลกำหนดนัดไต่สวนคำร้องขอสวมสิทธิเป็นเจ้าหนี้ตามคำพิพากษาภายหลังรับคำร้องนานเกือบ 3 เดือน แล้วมีคำสั่งอนุญาตเมื่อวันที่ 25 กุมภาพันธ์ 2554 ซึ่งล่วงเลยระยะเวลาการบังคับคดีแล้ว นับได้ว่ามีพฤติการณ์พิเศษ แต่ระยะเวลาบังคับคดีได้สิ้นสุดลงในระหว่างการไต่สวนคำร้องขอสวมสิทธิดังกล่าว ทำให้ศาลไม่อาจมีคำสั่งขยายระยะเวลาบังคับคดีได้ก่อนสิ้นระยะเวลานั้น จึงมีเหตุสุดวิสัย การที่ศาลชั้นต้นมีคำสั่งอนุญาตให้บริษัทบริหารสินทรัพย์ ส. สวมสิทธิเป็นเจ้าหนี้ตามคำพิพากษาแทนโจทก์ต้องถือว่าศาลมีคำสั่งให้ขยายระยะเวลาบังคับคดีออกไปแล้ว บริษัทบริหารสินทรัพย์ ส. ยื่นคำขอให้เจ้าพนักงานบังคับคดียึดที่ดินโฉนดเลขที่ 141813 พร้อมสิ่งปลูกสร้างของจำเลย ซึ่งถือกรรมสิทธิ์ร่วมกับ จ. เมื่อวันที่ 5 สิงหาคม 2554 จึงอยู่ภายในกำหนดระยะเวลาบังคับคดีตามที่ศาลชั้นต้นให้ขยาย กรณีไม่มีเหตุที่จะเพิกถอนการยึด,"ป.พ.พ. ม. 340 พ.ร.บ.ว่าด้วยธุรกรรมทางอิเล็กทรอนิกส์ พ.ศ.2544 ม. 7 , ม. 8"
คำพิพากษาศาลฎีกาที่ 1684/2566,คำฟ้องของโจทก์บรรยายถึงความสัมพันธ์ระหว่างโจทก์กับจำเลยว่า จำเลยซึ่งเป็นลูกจ้างของโจทก์ปฏิบัติหน้าที่ผิดสัญญาจ้างแรงงานและการทำละเมิดต่อโจทก์มาด้วย การที่ศาลแรงงานกลางวินิจฉัยว่า จำเลยกระทำผิดสัญญาจ้างแรงงานและกระทำละเมิดต่อโจทก์เป็นเหตุให้โจทก์ได้รับความเสียหายต้องชำระเงินค่าสินค้าเกินกว่าราคาที่แท้จริงในอัตราร้อยละ 3 จำเลยจึงต้องรับผิดชอบค่าเสียหายในส่วนที่จำเลยเรียกรับจากบริษัท อ. และห้างหุ้นส่วนจำกัด ห. จึงหาได้วินิจฉัยนอกฟ้องนอกประเด็นไม่,พ.ร.บ.ว่าด้วยธุรกรรมทางอิเล็กทรอนิกส์ พ.ศ.2544
คำพิพากษาศาลฎีกาที่ 1615/2566,ภายหลังจากศาลอุทธรณ์ภาค 2 มีคำพิพากษาแล้ว ได้มี พ.ร.บ.จราจรทางบก (ฉบับที่ 13) พ.ศ. 2565 ประกาศใช้บังคับ โดยมาตรา 134 วรรคหนึ่ง ที่แก้ไขใหม่ ยังคงบัญญัติให้ผู้แข่งรถในทางเป็นความผิดอยู่ และมาตรา 134/1 ที่แก้ไขเพิ่มเติมยังคงบัญญัติให้ผู้จัด หรือส่งเสริมให้มีการแข่งรถในทางเป็นความผิด กฎหมายใหม่จึงไม่ได้ยกเลิกความผิดตามมาตรา 134 วรรคหนึ่งและวรรคสอง (เดิม) แต่อัตราโทษตามมาตรา 160 ทวิ วรรคหนึ่ง (ที่แก้ไขใหม่) มีระวางโทษปรับขั้นต่ำสูงกว่ากฎหมายเดิม และโทษตามมาตรา 160 ทวิ วรรคสอง (ที่แก้ไขใหม่) มีระวางโทษจำคุกและปรับสูงกว่ากฎหมายเดิม ดังนั้น โทษตามกฎหมายเดิมเป็นคุณมากกว่า จึงต้องใช้กฎหมายเดิมซึ่งเป็นกฎหมายที่ใช้ในขณะกระทำความผิดบังคับแก่จำเลยตาม ป.อ. มาตรา 3 วรรคหนึ่ง ประกอบมาตรา 17 ส่วนการที่บทบัญญัติมาตรา 160 ทวิ (ที่แก้ไขใหม่) มีส่วนที่เป็นคุณในเรื่องการพักใช้ใบอนุญาตขับขี่ ที่บัญญัติให้ศาลสั่งพักใช้ใบอนุญาตขับขี่มีกำหนดไม่น้อยกว่าสามสิบวัน แต่ไม่เกินหนึ่งร้อยแปดสิบวัน ซึ่งเป็นคุณกว่าบทบัญญัติมาตรา 160 ทวิ (เดิม) ที่บัญญัติให้ศาลสั่งพักใช้ใบอนุญาตขับขี่มีกำหนดไม่น้อยกว่าหนึ่งเดือนโดยไม่ได้กำหนดเวลาสิ้นสุดไว้ แต่คดีนี้ศาลอุทธรณ์ภาค 2 พิพากษาให้เพิกถอนใบอนุญาตขับรถยนต์ส่วนบุคคลชั่วคราวของจำเลย จำเลยมิได้ฎีกาคัดค้านคำพิพากษาศาลอุทธรณ์ภาค 2 ในส่วนดังกล่าวแต่อย่างใด ดังนั้น แม้บทบัญญัติมาตรา 160 ทวิ (ที่แก้ไขใหม่) มีส่วนที่เป็นคุณแก่จำเลย แต่ก็ไม่อาจนำมาใช้บังคับแก่จำเลยได้,ป.อ. ม. 33 (1) พ.ร.บ.คนเข้าเมือง พ.ศ.2522 ม. 64 วรรคหนึ่ง
คำพิพากษาศาลฎีกาที่ 1595/2566,ผู้คัดค้านที่ 3 และที่ 4 ให้ผู้คัดค้านที่ 1 เช่าซื้อรถยนต์โดยรับเงินดาวน์และค่าเช่าซื้อตามสัญญาเช่าซื้อไว้โดยสุจริต เมื่อกรรมสิทธิ์ในรถยนต์ที่เช่าซื้อยังเป็นของผู้คัดค้านที่ 3 และที่ 4 ทั้งผู้คัดค้านที่ 3 และที่ 4 ได้มีหนังสือบอกเลิกสัญญาเช่าซื้อแก่ผู้คัดค้านที่ 1 ภายหลังจากทราบว่าผู้คัดค้านที่ 1 กระทำความผิดมูลฐาน ผู้คัดค้านที่ 3 และที่ 4 จึงมีสิทธิติดตามเอาคืนซึ่งรถยนต์ที่ให้ผู้คัดค้านที่ 1 เช่าซื้อได้ แต่การที่ผู้คัดค้านที่ 1 นำเงินที่ได้มาจากการกระทำความผิดมูลฐานมาชำระเงินดาวน์และค่าเช่าซื้อให้แก่ผู้คัดค้านที่ 3 และที่ 4 ก่อนที่จะบอกเลิกสัญญาจึงไม่ชอบที่จะคืนรถยนต์ที่เช่าซื้อนั้นให้แก่ผู้คัดค้านที่ 3 และที่ 4 เสียทีเดียว แต่ชอบที่จะคืนเงินลงทุนที่ยังเหลืออยู่ภายหลังหักเงินดาวน์และค่าเช่าซื้อที่ผู้คัดค้านที่ 1 นำเงินที่ได้จากการกระทำความผิดนั้นชำระให้แก่ผู้คัดค้านที่ 3 และที่ 4 แล้ว โดยสำนักงานป้องกันและปราบปรามการฟอกเงินต้องดำเนินการขายทอดตลาดรถยนต์ แล้วนำเงินที่ได้จากการขายทอดตลาดคืนให้แก่ผู้คัดค้านที่ 3 และที่ 4 ไม่เกินเงินลงทุนที่ยังขาดอยู่ ที่ศาลอุทธรณ์มีคำพิพากษาให้หักเงินดาวน์และค่าเช่าซื้อที่ผู้คัดค้านที่ 1 ชำระให้แก่ผู้คัดค้านที่ 3 และที่ 4 ตกเป็นของแผ่นดิน ส่วนที่เหลือ (หากมี) ให้คืนแก่ผู้คัดค้านที่ 3 และที่ 4 นั้น เป็นการไม่ถูกต้อง เพราะเท่ากับเป็นการให้ผู้คัดค้านที่ 1 ได้ใช้หรือรับประโยชน์จากทรัพย์สินของผู้คัดค้านที่ 3 และที่ 4 ในระหว่างเช่าซื้อโดยไม่เสียค่าตอบแทน เป็นการเสียหายแก่ผู้คัดค้านที่ 3 และที่ 4 ซึ่งเป็นเจ้าของทรัพย์สิน,พ.ร.บ.คนเข้าเมือง พ.ศ.2522
คำพิพากษาศาลฎีกาที่ 1574/2566,สัญญาเช่าข้อ 10.3 กำหนดว่า ในกรณีที่ผู้เช่าบอกเลิกสัญญาก่อนหมดอายุสัญญา โดยมิได้เป็นความผิดของผู้ให้เช่า ผู้เช่าต้องรับผิดชอบชำระค่าเช่าทั้งหมดตลอดอายุสัญญาเช่า สอดคล้องกับข้อ 3.2 ซึ่งกำหนดว่า หากสัญญาเช่าสิ้นสุดก่อนครบกำหนดระยะเวลาการเช่า โดยเหตุจากการกระทำผิดสัญญาของผู้เช่าหรือผู้เช่าขอเลิกสัญญาเช่าก่อนกำหนดระยะเวลา ผู้เช่าตกลงให้ผู้ให้เช่ามีสิทธิยึดเงินประกันได้ทั้งจำนวน นอกจากนี้สัญญาเช่าข้อ 11 ยังระบุว่า เมื่อสัญญาสิ้นสุดลงไม่ว่าด้วยเหตุครบกำหนดสัญญาแล้ว ไม่มีการต่อสัญญาออกไปตามข้อ 9 หรือโดยการบอกเลิกสัญญาตามข้อ 10 หรือด้วยเหตุอื่นใด ผู้ให้เช่ามีสิทธิดังต่อไปนี้ ข้อ 11.1 ผู้ให้เช่ามีสิทธิกลับเข้าครอบครองทรัพย์สินที่เช่าได้ทันที โดยมิจำเป็นต้องบอกกล่าวให้ผู้เช่าทราบก็ได้ ในกรณีเช่นนี้ผู้ให้เช่ามีสิทธิครอบครองยึดหน่วง และขนย้ายทรัพย์สินทั้งปวงที่อยู่ในทรัพย์สินที่เช่าออกไป รวมทั้งมีสิทธิดำเนินการให้ผู้อื่นเช่าทรัพย์สินที่เช่าต่อไปด้วย และสัญญาจ้างบริการข้อ 8 ยังกำหนดให้โจทก์มีสิทธิยึดเงินประกันการใช้บริการได้ในกรณีสัญญาจ้างบริการสิ้นสุดโดยเหตุแห่งการผิดสัญญาของจำเลย แสดงให้เห็นว่าหากการบอกเลิกสัญญาดังกล่าวมิได้เป็นความผิดของโจทก์ จำเลยต้องใช้ค่าเสียหายแก่โจทก์ โดยให้จำเลยชำระค่าเช่าทั้งหมดตลอดอายุสัญญา แม้ว่าจำเลยจะมิได้ครอบครองใช้ประโยชน์พื้นที่เช่าอีกต่อไป รวมทั้งให้โจทก์มีสิทธิยึดเงินประกันการเช่าและเงินประกันการใช้บริการดังกล่าว อันมีลักษณะเป็นการกำหนดค่าเสียหายไว้ล่วงหน้า ถือว่าเป็นเบี้ยปรับ ซึ่งหากสูงเกินส่วน ศาลจะลดลงเป็นจำนวนพอสมควรก็ได้ตาม ป.พ.พ. มาตรา 383 ดังนั้น การที่จำเลยบอกเลิกสัญญาเช่าและสัญญาจ้างบริการก่อนหมดอายุสัญญา โดยมิได้เป็นความผิดของโจทก์ จึงมีผลให้สัญญาเลิกกันตามสัญญาเช่าข้อ 10.3 เมื่อคู่สัญญาได้ใช้สิทธิเลิกสัญญาแล้ว คู่สัญญาแต่ละฝ่ายจำต้องให้อีกฝ่ายหนึ่งได้กลับคืนสู่ฐานะดังที่เป็นอยู่เดิม แต่การใช้สิทธิเลิกสัญญานั้นหากระทบถึงสิทธิเรียกร้องค่าเสียหายแต่อย่างใดไม่ ตาม ป.พ.พ. มาตรา 391 โจทก์จึงเรียกให้จำเลยชำระค่าเช่าค้างชำระเสมือนหนึ่งเป็นการเรียกให้จำเลยปฏิบัติตามสัญญาที่เลิกกันไปแล้วหาได้ไม่ คงเรียกได้แต่ค่าเสียหายอันเนื่องมาจากการผิดสัญญาของจำเลยที่บอกเลิกสัญญาก่อนหมดอายุสัญญาโดยมิได้เป็นความผิดของโจทก์เท่านั้น,ป.วิ.อ. ม. 208 (1)
คำพิพากษาศาลฎีกาที่ 1552/2566,การที่จำเลยที่ 2 ซึ่งได้ลงลายมือชื่อเป็นผู้อุทธรณ์ให้ผู้ต้องขังชาย ด. เป็นผู้เขียนอุทธรณ์ และผู้ต้องขังชาย ด. ได้ลงลายมือชื่อในช่องผู้เรียง ผู้เขียนหรือผู้พิมพ์ไว้ท้ายฟ้องอุทธรณ์ โดยผู้ต้องขังชาย ด. มิได้เป็นทนายความ ย่อมถือว่าเป็นการกระทำโดยพลั้งเผลอที่ลงลายมือชื่อในช่องผู้เรียงผิดพลาดไป อันจะทำให้ฟ้องอุทธรณ์ดังกล่าวไม่ถูกต้อง มีข้อบกพร่องเกิดขึ้น แต่ไม่ถึงกับเป็นเหตุให้ฟ้องอุทธรณ์จำเลยที่ 2 ไม่ชอบด้วยกฎหมาย ซึ่งหากศาลอุทธรณ์ตรวจพบข้อบกพร่องว่ามีบุคคลซึ่งมิได้จดทะเบียนรับใบอนุญาตเป็นทนายความและไม่เป็นบุคคลซึ่งอยู่ในข้อยกเว้น ตาม พ.ร.บ.ทนายความ พ.ศ. 2528 มาตรา 33 ที่ให้มีอำนาจเรียงฟ้องอุทธรณ์ เป็นผู้เขียนฟ้องอุทธรณ์และลงลายมือชื่อเป็นผู้เรียงในฟ้องอุทธรณ์ดังกล่าว ศาลอุทธรณ์ชอบที่จะใช้อำนาจตาม ป.วิ.อ. มาตรา 161 วรรคหนึ่ง ประกอบมาตรา 215 สั่งให้จำเลยที่ 2 แก้ไขข้อบกพร่องเรื่องดังกล่าวในฟ้องอุทธรณ์ให้ถูกต้องได้,ป.พ.พ. ม. 11 พ.ร.บ.วิธีพิจารณาคดีผู้บริโภค พ.ศ.2551 ม. 11
คำพิพากษาศาลฎีกาที่ 1542/2566,เมื่อคดีฟังได้ว่า โจทก์มิได้เป็นผู้ให้บริการในการที่ผู้เอาประกันภัยเข้าทำสัญญาประกันภัยกับบริษัทผู้รับประกันภัยต่อ โจทก์จึงมิได้เป็นตัวกลางผู้ชี้ช่องหรือจัดการให้บุคคลผู้เอาประกันภัยทำสัญญาประกันภัยกับบริษัทผู้รับประกันภัยต่อทั้งในประเทศและต่างประเทศเพื่อบำเหน็จ ค่าตอบแทนที่โจทก์ในฐานะผู้เอาประกันภัยต่อจ่ายให้แก่บริษัทผู้รับประกันภัยต่อเป็นเบี้ยประกันภัยต่อสุทธิ ที่คำนวณโดยนำจำนวนเบี้ยประกันภัยตามกรมธรรม์ประกันภัยฉบับต้นเป็นตัวตั้งและหักด้วยส่วนลดที่โจทก์เรียกว่า Fee and Commission Income Local สำหรับการประกันภัยต่อในประเทศ และเรียกว่า Fee and Commission Income Non Local สำหรับการประกันภัยต่อในต่างประเทศตามอัตราที่ตกลงกันไว้ ซึ่งมีอัตราหลายรูปแบบขึ้นอยู่กับอัตราส่วนความเสียหายและความเสี่ยงในแต่ละสัญญาประกันภัย บริษัทผู้รับประกันภัยต่อจึงได้รับเบี้ยประกันภัยต่อสุทธิเป็นค่าตอบแทนเพื่อความเสี่ยงตามสัญญาประกันภัยต่อ และเมื่อโจทก์มิใช่นายหน้าหรือผู้ชี้ช่องหรือจัดการให้บุคคลผู้เอาประกันภัยทำสัญญาประกันภัยกับบริษัทผู้รับประกันภัยต่อ ส่วนลดเบี้ยประกันภัยต่อ ไม่ว่าจะมีชื่อเรียกว่าอย่างไร จึงไม่ใช่ค่านายหน้า แต่เป็นเพียงตัวแปรในวิธีการคำนวณเพื่อให้ได้เบี้ยประกันภัยต่อสุทธิตามปกติธรรมเนียมประเพณีของธุรกิจประกันภัย และการที่โจทก์ทำสัญญาประกันภัยต่อกับบริษัทผู้รับประกันภัยต่ออีกทอดหนึ่ง แยกต่างหากจากการทำสัญญาประกันภัยระหว่างโจทก์กับผู้เอาประกันภัย โจทก์ซึ่งเป็นผู้เอาประกันภัยต่อจึงอยู่ในฐานะผู้รับบริการ ส่วนผู้รับประกันภัยต่ออยู่ในฐานะผู้ให้บริการ และเมื่อจำเลยนำสืบไม่ได้ว่าโจทก์ได้ให้บริการใด ๆ ต่อผู้รับประกันภัยต่อ พยานหลักฐานของโจทก์จึงมีน้ำหนักมากกว่าพยานหลักฐานของจำเลยข้อเท็จจริงรับฟังได้ว่า ส่วนลดเบี้ยประกันภัยต่อในกรณีที่โจทก์เอาประกันภัยต่อทั้งในประเทศและต่างประเทศไม่ใช่ค่าบริการตาม ป.รัษฎากร มาตรา 77/1 (10) ดังนั้น ส่วนลดเบี้ยประกันภัยต่อในกรณีที่โจทก์เอาประกันภัยต่อในประเทศและต่างประเทศจึงมิใช่มูลค่าที่โจทก์ได้รับหรือพึงได้รับจากการให้บริการอันเป็นฐานภาษีมูลค่าเพิ่มตาม ป.รัษฎากร มาตรา 79 วรรคหนึ่งกรณีที่โจทก์เอาประกันภัยต่อกับบริษัทผู้รับประกันภัยต่อในต่างประเทศ ถือว่าบริษัทผู้รับประกันภัยต่อในต่างประเทศเป็นผู้ประกอบการที่ได้ให้บริการในต่างประเทศและได้มีการใช้บริการนั้นในราชอาณาจักร เมื่อโจทก์ชำระค่าเบี้ยประกันภัยต่อให้บริษัทผู้รับประกันภัยต่อในต่างประเทศโจทก์จึงมีหน้าที่นำส่งเงินภาษีมูลค่าเพิ่มที่บริษัทผู้รับประกันภัยต่อในต่างประเทศมีหน้าที่ต้องเสียตาม ป.รัษฎากร มาตรา 83/6 (2) ส่วนฐานภาษีที่โจทก์ต้องนำมาคำนวณเพื่อส่งเงินภาษีมูลค่าเพิ่มต้องรวมส่วนลดเบี้ยประกันภัยต่อหรือไม่นั้น ป.รัษฎากร มาตรา 83/6 (2) บัญญัติให้ผู้จ่ายเงินค่าบริการมีหน้าที่นำส่งเงินภาษีมูลค่าเพิ่มที่ผู้ประกอบการมีหน้าที่เสียภาษีเมื่อมีการชำระค่าบริการให้ผู้ประกอบการ เมื่อข้อเท็จจริงรับฟังได้ว่า ส่วนลดเบี้ยประกันภัยต่อเป็นตัวคำนวณหาค่าเบี้ยประกันภัยต่อสุทธิที่โจทก์ต้องชำระให้แก่ผู้รับประกันภัยต่อ มิใช่ส่วนลดที่ผู้รับประกันภัยต่อลดให้โจทก์จากค่าเบี้ยประกันภัยต่อสุทธิที่กำหนดไว้แล้ว อันจะนำมาเป็นค่าบริการของผู้รับประกันภัยต่อ เมื่อส่วนลดเบี้ยประกันภัยต่อในกรณีที่โจทก์เอาประกันภัยต่อกับบริษัทผู้รับประกันภัยต่อในต่างประเทศไม่ใช่ค่าบริการตาม ป.รัษฎากร มาตรา 77/1 (10) จึงมิใช่มูลค่าของฐานภาษีมูลค่าเพิ่มที่บริษัทผู้รับประกันภัยต่อในต่างประเทศได้รับหรือพึงได้รับจากการให้บริการตามมาตรา 79 วรรคหนึ่ง โจทก์จึงไม่ต้องนำส่วนลดเบี้ยประกันภัยต่อดังกล่าวมารวมเป็นฐานภาษีเพื่อนำส่งภาษีมูลค่าเพิ่มให้แก่จำเลยตาม ป.รัษฎากร มาตรา 83/6 (2),"ป.พ.พ. ม. 845 , ม. 862 ป.รัษฎากร ม. 77/1 (5) , ม. 77/1 (10) , ม. 79 , ม. 83/6 พ.ร.บ.ประกันวินาศภัย พ.ศ.2535 ม. 4"
คำพิพากษาศาลฎีกาที่ 1528/2566,ผู้ร้องทั้งสองครอบครองทำประโยชน์โดยไม่ได้ยึดถือที่ดินตามสัดส่วนของเจ้าของรวมและครอบครองที่ดินพิพาทโดยไม่ทราบว่าผู้คัดค้านเป็นเจ้าของรวม แสดงถึงเจตนาของผู้ร้องทั้งสองว่าครอบครองที่ดินพิพาทโดยไม่ได้รับรู้ถึงสิทธิของเจ้าของรวมทั้งฝ่ายที่ส่งมอบการครอบครองต่อ ๆ มาแก่ตนและเจ้าของรวมฝ่ายผู้คัดค้านจึงเป็นการครอบครองที่ดินพิพาทอย่างเป็นเจ้าของเอง หาใช่ครอบครองในฐานะเจ้าของรวมหรือผู้สืบสิทธิจากเจ้าของรวมอันจะต้องแสดงเจตนาเปลี่ยนลักษณะแห่งการยึดถือที่ดินแก่เจ้าของรวมไม่ เมื่อผู้ร้องทั้งสองครอบครองที่ดินพิพาทโดยความสงบและโดยเปิดเผยด้วยเจตนาเป็นเจ้าของเป็นเวลากว่าสิบปีแล้ว จึงได้กรรมสิทธิ์ในที่ดินพิพาทตาม ป.พ.พ. มาตรา 1382,ป.รัษฎากร
คำพิพากษาศาลฎีกาที่ 1494/2566,ความผิดฐานเป็นเจ้ามือรับกินรับใช้และฐานจัดให้มีการเล่นการพนันทายผลฟุตบอลต่างประเทศ เป็นความผิดสองกรรมต่างกัน ศาลต้องพิพากษาลงโทษจําเลยทั้งสามทุกกรรมเป็นกระทงความผิดไป ตาม ป.อ. มาตรา 91 ปัญหาดังกล่าวเป็นข้อกฎหมายที่เกี่ยวกับความสงบเรียบร้อย ศาลฎีกามีอำนาจยกขึ้นวินิจฉัยและแก้ไขให้ถูกต้องได้ตาม ป.วิ.อ. มาตรา 195 วรรคสอง ประกอบมาตรา 225 พ.ร.บ.จัดตั้งศาลแขวงและวิธีพิจารณาความอาญาในศาลแขวง พ.ศ. 2499 มาตรา 4 และ พ.ร.บ.ให้นําวิธีพิจารณาความอาญาในศาลแขวงมาใช้บังคับในศาลจังหวัด พ.ศ. 2520 มาตรา 3 แต่เนื่องจากโจทก์ไม่ได้อุทธรณ์ฎีกาขอให้ลงโทษจําเลยทั้งสามฐานร่วมกันเป็นเจ้ามือรับกินรับใช้การพนันทายผลฟุตบอลต่างประเทศด้วย ศาลฎีกาจึงไม่อาจลงโทษจําเลยทั้งสามในความผิดดังกล่าวอีกกระทงหนึ่งได้เพราะจะเป็นการเพิ่มเติมโทษจําเลยทั้งสาม ต้องห้ามตาม ป.วิ.อ. มาตรา 212 ประกอบมาตรา 225 พ.ร.บ.จัดตั้งศาลแขวงและวิธีพิจารณาความอาญาในศาลแขวง พ.ศ. 2499 มาตรา 4 และ พ.ร.บ.ให้นําวิธีพิจารณาความอาญาในศาลแขวงมาใช้บังคับในศาลจังหวัด พ.ศ. 2520 มาตรา 3,พ.ร.บ.ประกันวินาศภัย พ.ศ.2535
คำพิพากษาศาลฎีกาที่ 1488/2566,"โจทก์ทั้งห้าฟ้องขอให้ที่ดินพิพาททั้งสี่แปลงรวมสิ่งปลูกสร้างบนที่ดินพิพาท 2 แปลง เป็นทรัพย์สินในกองมรดกของ ณ. เจ้ามรดก และเพิกถอนนิติกรรมการโอนที่ดินพิพาททั้งหมดรวมสิ่งปลูกสร้างดังกล่าวเพื่อประโยชน์แก่โจทก์ทั้งห้า โดยบรรยายฟ้องว่าโจทก์แต่ละคนรวมทั้งจำเลยที่ 1 ต่างได้รับมรดกดังกล่าวคนละส่วนเท่า ๆ กัน รวม 6 ส่วน คิดเป็นเงินรวม 398,200 บาท จำเลยทั้งสามให้การว่า ที่ดินพิพาททั้งหมดรวมสิ่งปลูกสร้างดังกล่าวมิใช่ทรัพย์มรดก แม้โจทก์ทั้งห้าฟ้องรวมกันมา ก็ต้องถือทุนทรัพย์ที่ดินทั้งสี่ของโจทก์แต่ละคนแยกกัน เพราะเป็นเรื่องที่โจทก์แต่ละคนใช้สิทธิเฉพาะของตน หรือกล่าวอีกนัยหนึ่งว่า ต้องคิดแยกทุนทรัพย์ที่โจทก์แต่ละคนมีสิทธิได้รับ มิใช่กรณีนำเฉพาะราคาที่ดินพิพาทโฉนดเลขที่ 27623 มาคิดแยกรายแปลงเป็นทุนทรัพย์ของโจทก์ทั้งห้า มูลเหตุที่โจทก์ทั้งห้าอ้างนำคดีนี้มาฟ้องเกิดจากการที่ ท. ผู้จัดการมรดกละเลยและไม่ปฏิบัติหน้าที่ของผู้จัดการมรดก โดยไม่แบ่งปันทรัพย์มรดกให้แก่ บ. ทายาทอย่างถูกต้อง อันเป็นการปฏิบัติผิดหน้าที่ของผู้จัดการมรดกตาม ป.พ.พ. มาตรา 1719 เมื่อ ท. และ บ. ถึงแก่ความตายก่อนฟ้องคดีนี้ โจทก์ทั้งห้าในฐานะผู้สืบสันดานของ บ. จึงสืบสิทธิของ บ. มาฟ้องคดีนี้ ซึ่งเป็นการฟ้องเกี่ยวกับการจัดการมรดก ตาม ป.พ.พ. มาตรา 1733 วรรคสอง ได้บัญญัติเรื่องอายุความในการฟ้องคดีเกี่ยวกับการจัดการมรดกไว้โดยเฉพาะว่า ห้ามมิให้ทายาทฟ้องเกินกว่าห้าปีนับแต่การจัดการมรดกสิ้นสุดลง จำเลยที่ 1 เป็นผู้สืบสิทธิของ บ. เช่นเดียวกับโจทก์ทั้งห้า ถือว่าเป็นบุคคลซึ่งชอบที่จะใช้สิทธิของทายาท ดังนั้น จำเลยที่ 1 ย่อมใช้สิทธิของ บ. ยกอายุความห้าปีตามบทบัญญัติดังกล่าวขึ้นต่อสู้โจทก์ทั้งห้าได้ โจทก์ทั้งห้าฟ้องคดีนี้เกินกว่าห้าปีนับแต่การจัดการมรดกสิ้นสุดลง คดีโจทก์ทั้งห้าจึงขาดอายุความตาม ป.พ.พ. มาตรา 1733 วรรคสอง",ป.พ.พ. ม. 1382
คำพิพากษาศาลฎีกาที่ 1468/2566,"พ.ร.ฎ.พระราชทานอภัยโทษ พ.ศ. 2562 มาตรา 12 บัญญัติว่า “ภายใต้บังคับมาตรา 13 นักโทษเด็ดขาดชั้นเยี่ยมซึ่งเป็นผู้กระทำความผิดซ้ำให้ได้รับพระราชทานอภัยโทษลดโทษจากกำหนดโทษลง 1 ใน 6”และมาตรา 3 บัญญัติว่า “ในพระราชกฤษฎีกานี้... “ผู้กระทำความผิดซ้ำ” หมายความว่า นักโทษเด็ดขาดที่เคยต้องโทษมาแล้ว และกลับมาต้องโทษจำคุกในคราวนี้อีกภายในห้าปีนับแต่วันพ้นโทษคราวก่อน กับความผิดทั้งสองคราวไม่ใช่ความผิดฐานลหุโทษหรือประมาท..."" เมื่อคำว่าผู้กระทำความผิดซ้ำเป็นองค์ประกอบหนึ่งของมาตรา 12 ซึ่งเป็นบทบัญญัติที่กำหนดหลักเกณฑ์ในการพิจารณาว่านักโทษเด็ดขาดชั้นเยี่ยมเช่นเดียวกับผู้ร้องจะได้รับพระราชทานอภัยโทษลดโทษหรือไม่ เพียงใด อันเป็นข้อกฎหมายที่เกี่ยวกับความสงบเรียบร้อย ดังนั้น แม้คู่ความไม่ได้อุทธรณ์คำสั่งศาลชั้นต้นในข้อที่วินิจฉัยแปลความคำว่า นักโทษเด็ดขาดที่เคยต้องโทษมาแล้ว ตามมาตรา 3 และศาลอุทธรณ์ภาค 7 มิได้ยกเรื่องการแปลความดังกล่าวขึ้นวินิจฉัย ทั้งคู่ความไม่ได้ยกเรื่องการแปลความดังกล่าวขึ้นกล่าวอ้างในฎีกาด้วย ศาลฎีกาก็ยกเรื่องการแปลความคำว่านักโทษเด็ดขาดที่เคยต้องโทษมาแล้ว ตามมาตรา 3 ขึ้นวินิจฉัยได้ตาม ป.วิ.อ. มาตรา 195 วรรคสอง ประกอบมาตรา 225ผู้ร้องได้รับการล้างมลทินตาม พ.ร.บ.ล้างมลทินในวโรกาสที่พระบาทสมเด็จพระปรมินทรมหาภูมิพลอดุลยเดชมีพระชนมพรรษา 80 พรรษา พ.ศ. 2550 มาตรา 4 ในความผิดฐานลักทรัพย์ตามคดีอาญาหมายเลขแดงที่ 2829/2543 ของศาลจังหวัดกาญจนบุรีอันมีผลให้ถือว่าผู้ร้องมิได้เคยถูกลงโทษในความผิดดังกล่าว แม้การล้างมลทินไม่ได้เป็นการลบล้างความประพฤติหรือการกระทำอันเป็นเหตุให้ผู้ร้องถูกลงโทษจำคุกในความผิดฐานลักทรัพย์ก็ตาม แต่ผลของการล้างมลทินที่ให้ถือว่าผู้ร้องมิได้เคยถูกลงโทษในความผิดดังกล่าว ย่อมมีความหมายชัดเจนอยู่ว่าผู้ร้องมิได้เคยถูกลงโทษจำคุกในความผิดที่ได้กระทำในคดีก่อน ผู้ร้องจึงไม่ใช่นักโทษเด็ดขาดที่เคยต้องโทษมาแล้ว ย่อมไม่มีทางที่ผู้ร้องจะเป็นผู้กระทำความผิดซ้ำไปได้ กรณีจึงไม่อาจพิจารณาให้ผู้ร้องได้รับพระราชทานอภัยโทษลดโทษตาม พ.ร.ฎ.พระราชทานอภัยโทษ พ.ศ. 2562 มาตรา 12","ป.อ. ม. 91 ป.วิ.อ. ม. 195 วรรคสอง , ม. 212 , ม. 225 พ.ร.บ.การพนัน พ.ศ.2478 ม. 4 วรรคสอง , ม. 4 ทวิ , ม. 12 (2) พ.ร.บ.จัดตั้งศาลแขวงและวิธีพิจารณาความอาญาในศาลแขวง พ.ศ.2499 ม. 4 พ.ร.บ.ให้นำวิธีพิจารณาความอาญาในศาลแขวงมาใช้บังคับในศาลจังหวัด พ.ศ.2520 ม. 3"
คำพิพากษาศาลฎีกาที่ 1467/2566,ในชั้นเดิมที่ศาลฎีกาพิพากษาแก้คำพิพากษาศาลอุทธรณ์ จำเลยทั้งสองยื่นคำร้องต่อศาลฎีกาซึ่งเป็นศาลชั้นที่สุดโดยตรง เพื่ออธิบายว่ากรณีจะต้องบังคับตามรูปแผนที่ตามเอกสารหมาย จ.3 และ จ.20 หรือต้องบังคับให้มีเนื้อที่ 326 ตารางวา เพื่อที่จะได้ปฏิบัติอย่างถูกต้อง แต่คำร้องในชั้นนี้เป็นการร้องขอให้ศาลที่ได้พิจารณาและชี้ขาดตัดสินคดีในชั้นต้นกำหนดวิธีการบังคับคดีและทำคำวินิจฉัยชี้ขาดอันเกี่ยวด้วยการบังคับคดีตาม ป.วิ.พ. มาตรา 271 ประกอบมาตรา 360 ตามลำดับชั้นศาล จึงเป็นคนละกรณีกัน คำร้องในครั้งก่อนศาลฎีกายังไม่ได้มีคำสั่งวินิจฉัยชี้ขาดเกี่ยวด้วยการบังคับคดีในการรังวัดแบ่งแยก การยื่นคำร้องของจำเลยทั้งสองในชั้นนี้จึงไม่เป็นการดำเนินกระบวนพิจารณาซ้ำอันจะเป็นการต้องห้ามตาม ป.วิ.พ. มาตรา 144การบังคับคดีให้เป็นไปโดยถูกต้องตรงความเป็นจริง ไม่เป็นการแก้ไขคำพิพากษาอันถึงที่สุดในสาระสำคัญซึ่งจะเป็นผลทำให้คำพิพากษาเปลี่ยนแปลงไป,ป.วิ.อ.
คำพิพากษาศาลฎีกาที่ 1373/2566,ศาลชั้นต้นขยายระยะเวลาฎีกาให้แก่จําเลย ครบกำหนดวันที่ 18 พฤศจิกายน 2565 ซึ่งตรงกับวันศุกร์อันเป็นวันทำงานปกติ โดยมิได้ถูกกําหนดให้เป็นวันหยุดราชการกรณีพิเศษตามประกาศคณะกรรมการบริหารศาลยุติธรรมและมติคณะรัฐมนตรีเรื่องการกำหนดวันหยุดราชการเป็นกรณีพิเศษในเขตกรุงเทพมหานคร จังหวัดนนทบุรี และจังหวัดสมุทรปราการ ในช่วงการประชุมผู้นําเขตเศรษฐกิจเอเปค ครั้งที่ 29 แต่จําเลยมิได้ยื่นฎีกาในวันครบกำหนดดังกล่าว ทั้งหากจําเลยประสงค์ยื่นฎีกาทางระบบรับส่งอิเล็กทรอนิกส์ตามข้อกําหนดของประธานศาลฎีกาว่าด้วยการยื่น ส่ง และรับคําคู่ความและเอกสารทางระบบรับส่งอิเล็กทรอนิกส์ พ.ศ. 2560 ข้อ 7 วรรคสาม ก็ต้องยื่นภายในวันครบกำหนดได้รับอนุญาตให้ขยายฎีกาตามเวลาทำการปกติคือวันที่ 18 พฤศจิกายน 2565 เวลา 16.30 นาฬิกา เช่นเดียวกัน เมื่อจําเลยยื่นฎีกาทางระบบรับส่งอิเล็กทรอนิกส์ผ่านระบบบริการออนไลน์ศาลยุติธรรม (CIOS) วันที่ 19 พฤศจิกายน 2565 เวลา 19 : 39 : 09 นาฬิกา จึงเป็นฎีกาที่ยื่นเกินกําหนดเวลาตาม ป.วิ.อ. มาตรา 216 วรรคหนึ่ง,พ.ร.บ.การพนัน พ.ศ.2478
คำพิพากษาศาลฎีกาที่ 1322/2566,บันทึกถ้อยคำเรื่องแบ่งกรรมสิทธิ์รวมและแบ่งหักที่สาธารณประโยชน์มีข้อความว่า โจทก์และจำเลยทั้งสี่ตกลงแบ่งกรรมสิทธิ์รวมในที่ดินพิพาท โดยไม่ได้ระบุว่าส่วนของเจ้าของรวมแต่ละคนมีแนวเขตตั้งแต่บริเวณใดถึงบริเวณใด จำนวนเนื้อที่เท่าใด ไม่มีลักษณะเป็นการระงับข้อพิพาทซึ่งมีอยู่หรือจะมีขึ้นให้เสร็จไปด้วยต่างยอมผ่อนผันให้แก่กัน จึงไม่เป็นสัญญาประนีประนอมยอมความ ตาม ป.พ.พ. มาตรา 850 โจทก์ไม่มีสิทธินำบันทึกดังกล่าวมาฟ้องบังคับให้จำเลยทั้งสี่แบ่งกรรมสิทธิ์รวม ตาม ป.พ.พ. มาตรา 1364,พ.ร.บ.จัดตั้งศาลแขวงและวิธีพิจารณาความอาญาในศาลแขวง พ.ศ.2499
คำพิพากษาศาลฎีกาที่ 1307/2566,"แม้โจทก์จะบรรยายฟ้องว่า โจทก์มีฐานะเป็นรัฐวิสาหกิจตาม พ.ร.บ.วิธีการงบประมาณ พ.ศ. 2502 แต่ พ.ร.บ.ความรับผิดทางละเมิดของเจ้าหน้าที่ พ.ศ. 2539 มาตรา 4 ให้คำนิยามความหมายของคำว่า “หน่วยงานของรัฐ” ว่า กระทรวง... และรัฐวิสาหกิจที่ตั้งขึ้นโดยพระราชบัญญัติหรือพระราชกฤษฎีกา...” รัฐวิสาหกิจใดจะเป็นหน่วยงานของรัฐตามกฎหมายดังกล่าวได้นั้น คงมีแต่เฉพาะกรณีที่จัดตั้งขึ้นตามพระราชบัญญัติหรือพระราชกฤษฎีกาเท่านั้น แม้จะปรากฏข้อเท็จจริงจากหนังสือสำนักเลขาธิการคณะรัฐมนตรี ลงวันที่ 9 ตุลาคม 2550 เรื่อง การเพิ่มทุนของโจทก์ โดยจำเลยไม่คัดค้านว่า คณะรัฐมนตรีเห็นชอบการซื้อหุ้นเพิ่มทุนโจทก์ของกระทรวงการคลัง ธนาคารออมสิน และธนาคารกรุงไทย จำกัด (มหาชน) จะทำให้โจทก์มีฐานะเป็นรัฐวิสาหกิจเนื่องจากหน่วยงานภาครัฐถือหุ้นเกินร้อยละ 50 ก็ตาม แต่การเข้าถือหุ้นของหน่วยงานภาครัฐดังกล่าวก็ไม่ทำให้ฐานะของโจทก์ในขณะจัดตั้งตามกฎหมายเปลี่ยนแปลงไปได้ เมื่อตาม พ.ร.บ.ธนาคารอิสลามแห่งประเทศไทย พ.ศ. 2545 มาตรา 7 กำหนดให้กระทรวงการคลังซื้อหุ้นของโจทก์ได้ไม่เกินร้อยละ 49 ของจำนวนหุ้นที่จำหน่ายแล้วทั้งหมด การจัดตั้งโจทก์ตามกฎหมายดังกล่าวย่อมไม่ได้มีความประสงค์ให้โจทก์มีสถานะเป็นรัฐวิสาหกิจมาตั้งแต่ต้น โจทก์จึงไม่ใช่รัฐวิสาหกิจที่ตั้งขึ้นโดยพระราชบัญญัติ อันจะตกอยู่ในความหมายของคำว่า “หน่วยงานของรัฐ” ตาม พ.ร.บ.ความรับผิดทางละเมิดของเจ้าหน้าที่ พ.ศ. 2539คดีนี้โจทก์มิได้ฟ้องจำเลยโดยอ้างว่าจำเลยกระทำละเมิดต่อโจทก์โดยประมาทเลินเล่ออย่างร้ายแรงเพียงอย่างเดียว แต่โจทก์ระบุชัดในคำฟ้องว่า การกระทำของจำเลยเป็นการละเมิดและผิดสัญญาจ้างต่อโจทก์ โดยบรรยายฟ้องว่า ขณะจำเลยเป็นลูกจ้างโจทก์ในตำแหน่งผู้อำนวยการฝ่ายธุรกิจสัมพันธ์ 2 มีหน้าที่ในการจัดทำเอกสารและเสนอข้อมูลเพื่ออนุมัติสินเชื่อ จำเลยไม่ดำเนินการตามอำนาจหน้าที่ ตามระเบียบปฏิบัติงานด้านสินเชื่อ ส่งผลต่อการพิจารณาอนุมัติสินเชื่อ และทำให้โจทก์เสียหายไม่สามารถบังคับชำระหนี้จากลูกค้า และ ป. ซึ่งเป็นผู้ค้ำประกันได้ ขอให้จำเลยชดใช้ค่าเสียหาย จึงเป็นการฟ้องขอให้จำเลยรับผิดทั้งมูลละเมิดและมูลผิดสัญญาจ้างแรงงานขณะจำเลยดำรงตำแหน่งผู้อำนวยการฝ่ายธุรกิจสัมพันธ์ 2 มีหน้าที่รับผิดชอบจัดทำเอกสารที่เกี่ยวข้องกับการขออนุมัติสินเชื่อ ร่วมวิเคราะห์สินเชื่อกับหน่วยงานวิเคราะห์สินเชื่อเพื่อให้ข้อมูลทั้งเชิงปริมาณและคุณภาพที่ถูกต้องครบถ้วนเป็นประโยชน์ต่อการอนุมัติสินเชื่อ กลับนำเสนอขออนุมัติสินเชื่อของลูกค้ารายบริษัท ซ. ต่อที่ประชุมคณะกรรมการบริหารโจทก์ โดยขอเปลี่ยนแปลงผู้ค้ำประกันในที่ประชุมด้วยวาจาจาก ส. เป็น ป. ซึ่งไม่ได้นำเสนอเอกสารหลักฐานการตรวจสอบภาระหนี้สินของ ป. ที่ค้างชำระต่อธนาคาร ก. เกินกว่า 300 วัน เพื่อประกอบการพิจารณาอนุมัติวงเงินสินเชื่อของคณะกรรมการบริหารของโจทก์ อันเป็นการฝ่าฝืนระเบียบปฏิบัติงานด้านสินเชื่อของโจทก์ในบทที่ 4 ข้อ 4.1.3 (5) โดยเอกสารดังกล่าวเป็นเอกสารประกอบการพิจารณาอนุมัติสินเชื่อที่มีความสำคัญและต้องนำส่งทุกครั้งที่มีการขออนุมัติสินเชื่อ การกระทำของจำเลยเช่นนี้จึงเป็นการไม่ปฏิบัติตามประกาศธนาคารแห่งประเทศไทยที่ สนส.33/2551 เรื่อง การให้สินเชื่อในลักษณะที่เล็งเห็นว่าจะเรียกคืนไม่ได้ ข้อ 5.1 ข้อ 5.1.3 และข้อ 5.1.5 และคำสั่งโจทก์ที่ ธ.139/2551 เรื่อง สินเชื่อต้องห้ามและสินเชื่อพิเศษแต่ละประเภท ข้อ 1.2 ข้อ 1.2.3 และข้อ 1.2.5 เป็นการปฏิบัติหน้าที่ไม่ถูกต้อง ย่อมเป็นการผิดสัญญาจ้างต่อโจทก์ หลังจากที่โจทก์อนุมัติสินเชื่อแล้ว บริษัท ซ. ชำระหนี้ให้แก่โจทก์เพียง 13 งวด ค้างชำระเงินต้นถึง 60,000,000 บาท ทำให้โจทก์ต้องฟ้องบริษัท ซ. และ ป. กับพวก ต่อศาลแพ่ง ความเสียหายที่เกิดขึ้นดังกล่าว จึงเป็นผลสืบเนื่องมาจากการไม่ปฏิบัติหน้าที่ให้ถูกต้องตามระเบียบ ประกาศ และคำสั่งโจทก์ของจำเลย แต่ที่โจทก์เรียกค่าเสียหายจากจำเลย เมื่อหนี้ดังกล่าวศาลแพ่งได้มีคำพิพากษาให้บริษัท ซ. และ ป. ร่วมกันชำระเงิน 94,684,743.99 บาท พร้อมค่าชดเชยร้อยละ 18 ต่อปี จากต้นเงิน 60,000,000 บาท ให้แก่โจทก์ ทั้งยังให้บังคับจำนำยึดหุ้นของบริษัท ซ. ออกขายทอดตลาดมาชำระหนี้ และให้บังคับจำนองที่ดินพร้อมสิ่งปลูกสร้างที่จดทะเบียนจำนองไว้เป็นประกันหนี้ออกขายทอดตลาด หากลูกหนี้ตามคำพิพากษาไม่ชำระหนี้ให้ครบถ้วนถูกต้อง ดังนั้น การจะกำหนดให้จำเลยต้องรับผิดในหนี้ดังกล่าวทั้งหมดอีกย่อมเป็นการซ้ำซ้อนและเป็นการไม่สมควร การกำหนดค่าเสียหายให้จำเลยชดใช้คงต้องคำนึงถึงจำนวนเงินต้นทุนสินเชื่อตามจริงที่บริษัท ซ. กู้ยืมไป และจำนวนเงินที่โจทก์ได้รับชำระแล้วในคดีตามคำพิพากษาของศาลแพ่งหรืออาจจะได้รับชำระตามคำพิพากษาต่อไปโดยการบังคับจากหลักประกัน คือ หุ้นของบริษัท ซ. ที่ดินพร้อมสิ่งปลูกสร้างที่จดทะเบียนจำนอง และผู้ค้ำประกัน ประกอบเข้ากับการลดน้อยถอยลงของหลักประกันซึ่งเป็นผู้ค้ำประกันดังกล่าวด้วย แต่การกำหนดค่าเสียหายเป็นดุลพินิจซึ่งเป็นปัญหาข้อเท็จจริง ศาลฎีกาไม่อาจกำหนดให้ได้ จึงย้อนสำนวนไปให้ศาลแรงงานกลางวินิจฉัยว่า จำเลยควรรับผิดต่อโจทก์เพียงใดตามนัยข้างต้นต่อไป",พ.ร.บ.ให้นำวิธีพิจารณาความอาญาในศาลแขวงมาใช้บังคับในศาลจังหวัด พ.ศ.2520
คำพิพากษาศาลฎีกาที่ 1306/2566,"จำเลยวางเงิน 20,000 บาท เพื่อชำระหนี้ตามเช็คพิพาท เมื่อวันที่ 6 ตุลาคม 2557 ผู้เสียหายขอรับเงินในวันดังกล่าว ศาลชั้นต้นมีคำสั่งตรวจจ่ายให้ตามระเบียบ แต่ปรากฏว่ามีการขออนุญาตถอนเงินกลาง 20,000 บาท เพื่อจ่ายให้เทศบาลตำบล ห. ซึ่งไม่ใช่ผู้เสียหาย และจำเลยวางเงินรวม 73,060 บาท เมื่อวันที่ 14 และ 20 พฤศจิกายน 2557 ผู้เสียหายขอรับเงินในวันดังกล่าว ศาลชั้นต้นมีคำสั่งไม่อนุญาตเนื่องจากผู้ร้องไม่นำหนังสือมอบอำนาจของผู้เสียหายมาแสดง ต่อมาวันที่ 23 ธันวาคม 2563 เจ้าหน้าที่ศาลทำรายงานเสนอต่อศาลชั้นต้น ขอให้ออกหมายแจ้งให้ผู้เสียหายมารับเงินที่จำเลยวาง 73,060 บาท และวันที่ 17 พฤศจิกายน 2564 ผู้เสียหายขอรับเงินที่จำเลยวางต่อศาล 93,060 บาท ตามที่ลูกหนี้ได้วางไว้ตามความเป็นจริง อันเป็นการขอรับเงินภายในระยะเวลา 5 ปี นับแต่ทราบการแจ้งของศาลชั้นต้น เมื่อศาลชั้นต้นมีคำสั่งตรวจจ่ายตามระเบียบ เจ้าหน้าที่ศาลตรวจจ่ายเงินเพียง 73,060 บาท โดยโอนเข้าบัญชีให้แก่ผู้เสียหายตามที่ผู้เสียหายแจ้งความประสงค์ไว้ จึงไม่ถูกต้อง เนื่องจากมีการวางเงินจริงทั้งหมด 93,060 บาท และต่อมาเจ้าหน้าที่ศาลทำรายงานเสนอต่อศาลชั้นต้นว่า เงิน 20,000 บาท ที่จำเลยนำมาวางใช้หนี้ให้แก่ผู้เสียหาย และศาลชั้นต้นได้สั่งจ่ายเช็คให้แก่ผู้เสียหายแล้ว แต่ผู้เสียหายไม่มารับเงินนับถึงวันที่ทำรายงานเป็นระยะเวลาเกิน 5 ปี จึงขอยกเลิกเช็คฉบับดังกล่าวและขอนำเงินส่งเป็นรายได้แผ่นดินต่อไป ศาลชั้นต้นมีคำสั่งนำส่ง เมื่อวันที่ 21 ธันวาคม 2564 นั้น ก็ไม่ถูกต้อง ศาลชั้นต้นต้องคืนเงิน 20,000 บาท แก่ผู้เสียหาย","ป.พ.พ. ม. 1719 , ม. 1733 วรรคสอง ป.วิ.พ. ม. 224"
คำพิพากษาศาลฎีกาที่ 1305/2566,"จำเลยวางเงิน 20,000 บาท เมื่อวันที่ 6 ตุลาคม 2557 ผู้เสียหายขอรับเงินในวันดังกล่าว ศาลชั้นต้นมีคำสั่ง ตรวจจ่ายให้ตามระเบียบ แต่ปรากฏว่ามีการขออนุญาตถอนเงินกลาง 20,000 บาท เพื่อจ่ายให้เทศบาลตำบลหนองเรือ ซึ่งไม่ใช่ผู้เสียหาย และมีการวางเงิน 72,597 บาท เมื่อวันที่ 14 และ 20 พฤศจิกายน 2557 ผู้เสียหายขอรับเงินในวันดังกล่าว ศาลชั้นต้นไม่อนุญาต เนื่องจากผู้ร้องไม่นำหนังสือมอบอำนาจของผู้เสียหายมาแสดง ต่อมาวันที่ 23 ธันวาคม 2563 เจ้าหน้าที่ศาลทำรายงานเสนอต่อศาลชั้นต้นขอให้ออกหมายแจ้งให้ผู้เสียหายมารับเงินที่จำเลยวาง 72,597 บาท และวันที่ 17 พฤศจิกายน 2564 ผู้เสียหายขอรับเงินที่จำเลยวางต่อศาล 92,597 บาท ตามที่ลูกหนี้ได้วางไว้ตามความเป็นจริง อันเป็นการขอรับเงินภายในระยะเวลา 5 ปี นับแต่ทราบการแจ้งของศาลชั้นต้น เมื่อศาลชั้นต้นมีคำสั่ง ตรวจจ่ายตามระเบียบ เจ้าหน้าที่ศาลตรวจจ่ายเงินเพียง 72,597 บาท โดยโอนเข้าบัญชีให้แก่ผู้เสียหายตามที่ผู้เสียหายแจ้งความประสงค์ไว้ จึงไม่ถูกต้อง เนื่องจากมีการวางเงินจริงทั้งหมด 92,597 บาท และการที่เจ้าหน้าที่ศาลทำรายงานเสนอต่อศาลชั้นต้นว่าเงิน 20,000 บาท ที่จำเลยนำมาวางใช้หนี้ให้แก่ผู้เสียหาย และศาลชั้นต้นได้สั่งจ่ายเช็คให้แก่ผู้เสียหายแล้ว แต่ผู้เสียหายไม่มารับเงินนับถึงวันที่ทำรายงานเป็นระยะเวลาเกิน 5 ปี จึงขอยกเลิกเช็คฉบับดังกล่าว และขอนำเงินส่งเป็นรายได้แผ่นดินต่อไป ศาลชั้นต้นมีคำสั่ง นำส่ง เมื่อวันที่ 21 ธันวาคม 2564 นั้น ก็ไม่ถูกต้อง ศาลชั้นต้นต้องคืนเงิน 20,000 บาท แก่ผู้เสียหาย",ป.วิ.พ.
คำพิพากษาศาลฎีกาที่ 1302/2566,แม้สัญญาขายฝากระหว่างโจทก์กับจำเลยจะทำขึ้นก่อน พ.ร.บ.คุ้มครองประชาชนในการทำสัญญาขายฝากที่ดินเพื่อเกษตรกรรมหรือที่อยู่อาศัย พ.ศ. 2562 มีผลใช้บังคับ แต่เมื่อกำหนดไถ่ทรัพย์สินที่ขายฝาก คือวันที่ 20 เมษายน 2562 เป็นกำหนดไถ่ที่มีหรือเหลือระยะเวลาน้อยกว่าสามเดือนนับแต่วันที่ 17 เมษายน 2562 ซึ่งเป็นวันที่ พ.ร.บ. นี้ใช้บังคับ กรณีย่อมต้องด้วยบทเฉพาะกาลมาตรา 20 ที่กำหนดให้สัญญาขายฝากซึ่งทรัพย์สินที่ขายฝากเป็นที่ดินเพื่อเกษตรกรรมหรือที่อยู่อาศัยที่ได้ทำไว้ก่อนวันที่ พ.ร.บ. นี้ใช้บังคับและยังไม่ครบกำหนดเวลาไถ่ให้มีผลผูกพันคู่สัญญาต่อไปตามกฎหมายที่ใช้บังคับอยู่ในวันทำสัญญาขายฝาก เว้นแต่กรณี (3) ให้นําความในมาตรา 17 มาใช้บังคับกับสัญญาขายฝากที่มีผลบังคับอยู่ก่อนวันที่ พ.ร.บ. นี้ใช้บังคับ และในกรณีที่กำหนดเวลาไถ่ในสัญญาขายฝากมีหรือเหลือระยะเวลาน้อยกว่าสามเดือนนับแต่วันที่ พ.ร.บ. นี้ใช้บังคับ ให้ขยายกำหนดเวลาการไถ่ออกไปเป็นเวลาหกเดือนนับแต่วันที่ พ.ร.บ. นี้ใช้บังคับ กำหนดไถ่ทรัพย์สินที่ขายฝากระหว่างโจทก์กับจำเลยจึงต้องขยายระยะเวลาออกไปอีก 6 เดือนนับแต่วันที่ พ.ร.บ. นี้มีผลใช้บังคับ ทำให้จะครบกำหนดไถ่ในวันที่ 17 ตุลาคม 2562 และเมื่อมาตรา 17 วรรคหนึ่ง บัญญัติว่า ก่อนวันครบกำหนดเวลาไถ่ไม่น้อยกว่าสามเดือนแต่ไม่มากกว่าหกเดือน ให้ผู้ซื้อฝากแจ้งเป็นหนังสือส่งทางไปรษณีย์ลงทะเบียนตอบรับไปยังผู้ขายฝากเพื่อให้ผู้ขายฝากทราบกำหนดเวลาไถ่และจำนวนสินไถ่ หากผู้ซื้อฝากละเลยไม่ดำเนินการดังกล่าว มาตรา 17 วรรคสอง บัญญัติให้ผู้ขายฝากมีสิทธิไถ่ทรัพย์สินที่ขายฝากได้ภายในหกเดือนนับแต่วันครบกำหนดไถ่ที่ระบุไว้ในสัญญาขายฝากโดยผู้ขายฝากมีหน้าที่ชําระสินไถ่ตามจำนวนที่กำหนดไว้ในสัญญา เมื่อข้อเท็จจริงไม่ปรากฏว่าก่อนวันครบกำหนดเวลาไถ่ที่ขยายระยะเวลาออกไปโดยผลของกฎหมายตามที่กล่าวมาจำเลยผู้ซื้อฝากได้มีหนังสือแจ้งให้โจทก์ผู้ขายฝากทราบถึงกำหนดเวลาไถ่และจำนวนสินไถ่ก่อนวันครบกำหนดเวลาไถ่ไม่น้อยกว่าสามเดือนแต่ไม่มากกว่าหกเดือนตามบทบัญญัติมาตรา 17 วรรคหนึ่ง กำหนดไถ่ทรัพย์สินที่ขายฝากจึงต้องขยายไปอีกหกเดือนนับแต่วันครบกำหนดไถ่ตามมาตรา 17 วรรคสอง กล่าวคือ ขยายออกไปอีกจนถึงวันที่ 17 เมษายน 2563 การที่โจทก์ขอไถ่ทรัพย์สินที่ขายฝากต่อจำเลยเมื่อวันที่ 31 ตุลาคม 2562 จึงยังอยู่ภายในกำหนดไถ่,"ป.วิ.อ. ม. 195 วรรคสอง , ม. 225"
คำพิพากษาศาลฎีกาที่ 1301/2566,การที่โจทก์กับจำเลยที่ 1 ซึ่งเป็นคู่สัญญากู้ยืมตกลงกันเป็นหนังสือให้เอาดอกเบี้ยที่ค้างชำระไม่น้อยกว่าหนึ่งปีทบเข้ากับต้นเงินแล้วให้คิดดอกเบี้ยในจำนวนเงินที่ทบเข้ากันนั้น เป็นข้อตกลงที่มีผลใช้บังคับได้ตาม ป.พ.พ. มาตรา 655 วรรคหนึ่ง ไม่อยู่ในบังคับของข้อห้ามไม่ให้คิดดอกเบี้ยซ้อนดอกเบี้ยในระหว่างผิดนัดตาม ป.พ.พ. มาตรา 224 วรรคสอง และข้อตกลงดังกล่าวกฎหมายไม่ได้บัญญัติว่าต้องกระทำเมื่อดอกเบี้ยค้างชำระครบหนึ่งปีแล้วเท่านั้น ดังนั้น ข้อตกลงดังกล่าวไม่เป็นโมฆะ ฉะนั้น ตราบใดที่จำเลยที่ 1 ยังค้างชำระดอกเบี้ย โจทก์ย่อมมีสิทธินำดอกเบี้ยที่ค้างชำระไม่น้อยกว่าหนึ่งปีทบเข้ากับต้นเงินและคิดดอกเบี้ยในจำนวนเงินที่ทบเข้ากันนั้นได้ทุกครั้งที่มีการค้างชำระดอกเบี้ยถึงหนึ่งปีเช่นนั้น แม้ว่าจะครบกำหนดชำระคืนและลูกหนี้ผิดนัดแล้วก็ตาม แต่ข้อตกลงดังกล่าวมีลักษณะเป็นการเรียกเอาค่าสินไหมทดแทนที่กำหนดในรูปดอกเบี้ยทบต้นไว้ล่วงหน้าเพื่อความเสียหายอันเกิดจากการที่จำเลยที่ 1 ไม่ชำระหนี้จึงเป็นเบี้ยปรับตาม ป.พ.พ. มาตรา 379 หากสูงเกินส่วนศาลมีอำนาจลดเบี้ยปรับลงเป็นจำนวนพอสมควรได้ ตาม ป.พ.พ. มาตรา 383 วรรคหนึ่ง ที่ศาลชั้นต้นวินิจฉัยว่าข้อตกลงดังกล่าวเป็นเบี้ยปรับที่สูงเกินส่วนและใช้ดุลพินิจลดเบี้ยปรับลงโดยกำหนดให้โจทก์คิดดอกเบี้ยทบต้นได้ครั้งเดียวนั้นชอบแล้ว,"ป.วิ.พ. ม. 143 , ม. 144 , ม. 271 , ม. 360"
คำพิพากษาศาลฎีกาที่ 1300/2566,"ตาม ป.พ.พ. มาตรา 1119 วรรคหนึ่ง บัญญัติว่า “หุ้นทุก ๆ หุ้นจำต้องใช้เป็นเงินจนเต็มค่า เว้นแต่หุ้นซึ่งออกตามบทบัญญัติมาตรา 1108 อนุมาตรา (5) หรือมาตรา 1221” วรรคสอง บัญญัติว่า “ในการใช้เงินเป็นค่าหุ้นนั้น ผู้ถือหุ้นจะหักหนี้กับบริษัทหาได้ไม่” มิได้มีบทบัญญัติใดบัญญัติว่าหากมิได้ดำเนินการตามมาตรา 1119 แล้ว จะทำให้การเป็นผู้ถือหุ้นเป็นโมฆะ หรือกลับกลายเป็นไม่เป็นผู้ถือหุ้นแต่อย่างใด ดังนั้น บทบัญญัติของกฎหมายดังกล่าวจึงมีผลแต่เพียงว่าผู้ถือหุ้นดังกล่าวยังมิได้ใช้เงินเป็นค่าหุ้นแก่บริษัทเท่านั้น กรรมการจึงสามารถที่จะเรียกให้ผู้ถือหุ้นส่งเงินค่าหุ้นให้แก่บริษัทเสียเมื่อใดก็ได้ ตาม ป.พ.พ. มาตรา 1120 ถึง 1124 ทั้งตามบัญชีรายชื่อผู้ถือหุ้นในขณะที่ ส. ยังมีชีวิตอยู่ ส. ก็ยอมรับว่าโจทก์เป็นผู้ถือหุ้นของจำเลยที่ 2 โดยได้จัดทำบัญชีรายชื่อผู้ถือหุ้นของจำเลยที่ 2 ที่มีชื่อโจทก์เป็นผู้ถือหุ้นส่งไปยังนายทะเบียนหุ้นส่วนบริษัทจังหวัดพิษณุโลก ดังนั้น จึงไม่จำต้องวินิจฉัยตามข้อฎีกาของจำเลยที่ 3 ว่าโจทก์ได้ชำระเงินค่าหุ้นแล้วหรือไม่ และโดยวิธีใด เพราะไม่มีประเด็นข้อพิพาทในเรื่องการเรียกเงินค่าหุ้น จึงฟังได้ว่า โจทก์เป็นผู้ถือหุ้นของจำเลยที่ 2 ตามกฎหมายแล้ว ส่วนที่โจทก์ไม่เคยได้รับมอบใบหุ้น ไม่เคยเข้ามีส่วนได้เสียในบริษัท เช่น การประชุมผู้ถือหุ้น การรับรู้ส่วนได้เสียของบริษัท เช่น กำไร ขาดทุน นั้น ก็ไม่ปรากฏข้อเท็จจริงว่าจำเลยที่ 2 ได้ออกใบหุ้นให้แก่โจทก์แล้ว โจทก์ไม่ไปรับหรือไม่ จำเลยที่ 2 เคยมีหนังสือเชิญประชุมใหญ่ผู้ถือหุ้นแล้วหรือไม่ เมื่อไม่ปรากฏข้อเท็จจริงดังกล่าวจะว่าโจทก์ไม่ได้รับมอบใบหุ้นและไม่เข้ามามีส่วนได้เสียของบริษัทหาได้ไม่ จึงฟังได้ว่า โจทก์เป็นผู้เสียหายมีอำนาจฟ้องในความผิดต่อ พ.ร.บ.กำหนดความผิดเกี่ยวกับห้างหุ้นส่วนจดทะเบียน ห้างหุ้นส่วนจำกัด บริษัทจำกัด สมาคมและมูลนิธิ พ.ศ. 2499 มาตรา 42 และ ป.อ. มาตรา 137แม้คำฟ้องของโจทก์ ข้อ 2.1 ที่บรรยายว่า การกระทำของจำเลยทั้งสี่ ทำให้โจทก์เสียหายต้องสูญเสียหุ้นจำนวน 10,000 หุ้น โจทก์จะมิได้บรรยายเจตนาพิเศษมาในคำฟ้องก็ตาม แต่ต่อมาในข้อ 2.3 โจทก์ก็ได้บรรยายฟ้องชัดเจนว่าจำเลยที่ 3 และที่ 4 ในฐานะผู้กระทำการแทนจำเลยที่ 2 และฐานะส่วนตัวซึ่งเป็นผู้รับผิดชอบในการบริหารบริษัทจำเลยที่ 2 ได้ร่วมกับจำเลยที่ 1 กระทำการหรือยินยอมให้มีการปลอมบัญชีรายชื่อผู้ถือหุ้นตามฟ้อง ข้อ 2.1 เพื่อลวงโจทก์ให้ได้รับความเสียหายและขาดประโยชน์อันควรได้ ซึ่งเป็นความผิดตาม พ.ร.บ.กำหนดความผิดเกี่ยวกับห้างหุ้นส่วนจดทะเบียน ห้างหุ้นส่วนจำกัด บริษัทจำกัด สมาคมและมูลนิธิ พ.ศ. 2499 มาตรา 42 (2) แล้ว ดังนี้ จึงถือว่าฟ้องโจทก์ได้บรรยายถึงเจตนาพิเศษในการกระทำความผิดแล้ว ฟ้องโจทก์จึงครบองค์ประกอบความผิดตามกฎหมายแล้ว",ป.วิ.อ. ม. 216 วรรคหนึ่ง ป.วิ.พ. ม. 23 ป.พ.พ. ม. 193/8
คำพิพากษาศาลฎีกาที่ 1225/2566,ก่อนเริ่มพิจารณาคดีศาลชั้นต้นสอบถามจำเลยเรื่องทนายความแล้ว จำเลยแถลงไม่ต้องการทนายความ ศาลจึงอ่านและอธิบายฟ้องให้จำเลยฟัง จำเลยให้การรับสารภาพ และรับว่าเป็นบุคคลคนเดียวกับจำเลยในคดี ที่โจทก์ขอให้เพิ่มโทษ ซึ่งเป็นกรณีที่ต้องบังคับตาม ป.วิ.อ. มาตรา 173 วรรคสอง ซึ่งบัญญัติว่า ในคดีที่มีอัตราโทษจำคุก ก่อนเริ่มพิจารณาให้ศาลถามจำเลยว่ามีทนายความหรือไม่ ถ้าไม่มีและจำเลยต้องการทนายความก็ให้ศาลตั้งทนายความให้ อันเป็นการกำหนดรายละเอียดของสิทธิไว้ชัดแจ้งเช่นเดียวกันกับการคุ้มครองสิทธิตามกฎหมาย เมื่อจำเลยแถลงไม่ต้องการทนายความและให้การรับสารภาพตามฟ้อง ศาลชั้นต้นได้บันทึกคำให้การจำเลยไว้ ย่อมไม่มีกรณีที่ศาลชั้นต้นต้องตั้งทนายความให้จำเลยจำเลยฎีกาว่า ในวันนัดสอบคำให้การจำเลย โจทก์และจำเลยต้องมาอยู่ต่อหน้าศาลพร้อมกันให้ศาลอ่านและอธิบายฟ้องให้จำเลยฟัง และถามจำเลยว่าได้กระทำผิดจริงหรือไม่ จะให้การต่อสู้อย่างไรบ้าง เมื่อจำเลยให้การอย่างไรก็ให้ศาลจดไว้ ซึ่งไม่ว่าจำเลยจะให้การรับสารภาพหรือปฏิเสธฟ้องโจทก์ โจทก์ยังคงมีหน้าที่ต้องแถลงให้ศาลทราบว่ายังประสงค์ให้ดำเนินการต่อไปหรือไม่ วันนัดสอบคำให้การจำเลยจึงเป็นการนัดพิจารณาซึ่งโจทก์มีหน้าที่ต้องมาในวันดังกล่าวนั้น เมื่อโจทก์ไม่มา จึงไม่ชอบด้วย ป.วิ.อ. มาตรา 172 วรรคสอง ฟ้องโจทก์จึงไม่ชอบด้วย ป.วิ.อ. มาตรา 181 ประกอบมาตรา 166 นั้น เห็นว่า ปัญหาดังกล่าวจำเลยมิได้อุทธรณ์ จึงเป็นเรื่องที่มิได้ยกขึ้นว่ากล่าวกันมาแล้วโดยชอบในศาลอุทธรณ์ตาม ป.วิ.พ. มาตรา 225 วรรคหนึ่ง และมาตรา 252 ประกอบ ป.วิ.อ. มาตรา 15 ศาลฎีกาไม่รับวินิจฉัยก่อนคดีนี้จำเลยเคยต้องคําพิพากษาถึงที่สุดให้ลงโทษจำคุกมีกำหนด 2 ปี 6 เดือน และปรับ 800 บาท ฐานมียาเสพติดให้โทษในประเภท 1 ไว้ในครอบครองเพื่อจำหน่าย จำเลยพ้นโทษในคดีดังกล่าวยังไม่เกินห้าปีและกลับมากระทำความผิดคดีนี้อีกจนถูกเพิ่มโทษ เมื่อจำเลยเคยได้รับโทษจำคุกมาก่อน ซึ่งมิใช่เป็นโทษสำหรับความผิดที่ได้กระทำโดยประมาทหรือความผิดลหุโทษหรือเป็นโทษจำคุกไม่เกินหกเดือน จึงไม่เข้าหลักเกณฑ์ตาม ป.อ. มาตรา 56 (1) และ (2) ที่จะรอการลงโทษจำคุกให้แก่จำเลยได้,ป.วิ.พ.
คำพิพากษาศาลฎีกาที่ 1193/2566,"โจทก์ฟ้องขอให้ลงโทษจำเลยทั้งสามตาม พ.ร.บ. ศุลกากร พ.ศ. 2469 มาตรา 27 พ.ร.บ.ศุลกากร พ.ศ. 2560 มาตรา 243, 253 ซึ่งการกระทำความผิดตามข้ออ้างในคำฟ้องข้อ 1.1 ของโจทก์เป็นการกระทำในขณะ พ.ร.บ. ศุลกากร พ.ศ. 2469 ใช้บังคับ โดยความหมายในมาตรา 2 คำว่า “อากร” ตาม พ.ร.บ. ศุลกากร พ.ศ. 2469 มาตรา 27 หมายถึงค่าอากรในทางศุลกากรเท่านั้น หาหมายรวมถึงภาษีมูลค่าเพิ่มอันเป็นภาษีอากรฝ่ายสรรพากร ภาษีสรรพสามิต และภาษีมหาดไทยด้วยไม่ อย่างไรก็ตาม แม้คำฟ้องของโจทก์ข้อ 1.1 ไม่มีจำนวนอากรขาเข้าที่จำเลยทั้งสามต้องเสียเพิ่ม แต่เมื่อคำฟ้องข้อ 1.1 บรรยายด้วยว่า การกระทำของจำเลยทั้งสามเป็นการหลีกเลี่ยงหรือพยายามหลีกเลี่ยงบทกฎหมายและข้อจำกัดใด ๆ เกี่ยวกับการนำเข้าสินค้ารถยนต์ใช้แล้วครบชุดสมบูรณ์โดยเจตนาจะฉ้อค่าภาษี ซึ่งจำเลยทั้งสามให้การรับสารภาพ และ พ.ร.บ. ศุลกากร พ.ศ. 2560 มาตรา 244 ยังบัญญัติให้การกระทำดังกล่าวเป็นความผิดอยู่ จำเลยทั้งสามจึงมีความผิดตามฟ้องข้อ 1.1 ด้วยภายหลังจำเลยทั้งสามกระทำความผิดได้มี พ.ร.บ.ศุลกากร พ.ศ. 2560 ใช้บังคับ ซึ่งอัตราโทษใหม่ตาม พ.ร.บ. ศุลกากร พ.ศ. 2560 มาตรา 244 เป็นคุณมากกว่า จึงต้องใช้กฎหมายที่แก้ไขใหม่บังคับแก่จำเลยทั้งสามในส่วนที่เป็นคุณตาม ป.อ. มาตรา 3",ป.พ.พ.
คำพิพากษาศาลฎีกาที่ 1173/2566,การที่จำเลยที่ 2 รู้ว่าจำเลยที่ 1 กระทำความผิดฐานฉ้อโกงประชาชนและกู้ยืมเงินที่เป็นการฉ้อโกงประชาชนยังยินยอมให้จำเลยที่ 1 นำบัญชีเงินฝากของตนไปใช้รับโอนเงินลงทุนที่จำเลยที่ 1 หลอกลวงผู้เสียหายทั้งสิบสาม ถือว่าเป็นการช่วยเหลือหรือให้ความสะดวกแก่จำเลยที่ 1 ในการกระทำความผิด จึงมีความผิดฐานเป็นผู้สนับสนุนในความผิดดังกล่าวตาม ป.อ. มาตรา 86 และต้องร่วมรับผิดในส่วนแพ่งกับจำเลยที่ 1 ด้วย,"ป.พ.พ. ม. 850 , ม. 1364"
คำพิพากษาศาลฎีกาที่ 1165/2566,จำเลยร่วมที่ 1 ได้โฆษณาหรือให้คำรับรองแก่ผู้ซื้อที่ดินจัดสรรในโครงการว่าจะจัดให้มีสาธารณูปโภคหรือบริการสาธารณะบนที่ดินพิพาททั้งสองแปลงในแผ่นพับโฆษณาและแผนผังโครงการ แม้จะมิได้มีการจดแจ้งให้ปรากฏในโฉนดที่ดินพิพาททั้งสองแปลงก็ไม่ทำให้ที่ดินพิพาททั้งสองแปลงไม่เป็นที่ดินสำหรับสาธารณูปโภคหรือที่ดินที่ใช้เพื่อบริการสาธารณะโดยเปลี่ยนเป็นที่ดินสำหรับจัดสรรเพื่อขายไปได้ โดยถือว่าข้อความในแผ่นพับโฆษณาและแผนผังโครงการเป็นส่วนหนึ่งของสัญญาซื้อขายที่ดินระหว่างจำเลยร่วมที่ 1 กับผู้ซื้อที่ดินจัดสรรทุกรายตาม พ.ร.บ.วิธีพิจารณาคดีผู้บริโภค พ.ศ. 2551 มาตรา 11 และถือว่าที่ดินพิพาททั้งสองแปลงรวมทั้งสระว่ายน้ำและสวนหย่อมที่ได้จัดทำขึ้นแล้วบนที่ดินพิพาทโฉนดเลขที่ 65722 เป็นสาธารณูปโภคและตกอยู่ในภาระจำยอมเพื่อประโยชน์แก่ที่ดินจัดสรรตาม พ.ร.บ.การจัดสรรที่ดิน พ.ศ. 2543 มาตรา 43 วรรคหนึ่งการที่ พ.ร.บ.การจัดสรรที่ดิน พ.ศ. 2543 มาตรา 33 วรรคหนึ่ง ห้ามมิให้ผู้จัดสรรที่ดินทำนิติกรรมกับบุคคลใดอันก่อให้เกิดภาระผูกพันแก่ที่ดินอันเป็นสาธารณูปโภคและที่ดินที่ใช้เพื่อบริการสาธารณะโดยพลการก็โดยวัตถุประสงค์เพื่อป้องกันมิให้ผู้ซื้อที่ดินจัดสรรได้รับความเดือดร้อนเสียหายจากการใช้ประโยชน์ในที่ดินโดยมีเงื่อนไข ข้อจำกัดทำให้ไม่ได้รับความสะดวกในการใช้ สำหรับการโอนที่ดินอันเป็นสาธารณูปโภคหรือที่ดินที่ใช้เพื่อบริการสาธารณะไปยังบุคคลอื่นก็อาจทำให้ผู้ซื้อที่ดินจัดสรรได้รับความเดือดร้อนเสียหายลักษณะเดียวกันโดยเฉพาะอย่างยิ่งเมื่อมีการจัดตั้งนิติบุคคลหมู่บ้านจัดสรรขึ้นแล้ว ผู้จัดสรรที่ดินก็ต้องดำเนินการโอนที่ดินอันเป็นสาธารณูปโภคให้แก่นิติบุคคลหมู่บ้านจัดสรรตาม พ.ร.บ.การจัดสรรที่ดิน พ.ศ. 2543 มาตรา 44 (1) (เดิม) หรือหากไม่มีการจัดตั้งนิติบุคคลหมู่บ้านจัดสรร ผู้จัดสรรที่ดินต้องเป็นผู้ดำเนินการอย่างหนึ่งอย่างใด เพื่อการบำรุงรักษาสาธารณูปโภคโดยได้รับอนุมัติจากคณะกรรมการจัดสรรที่ดิน หรือผู้จัดสรรที่ดินต้องจดทะเบียนโอนทรัพย์สินดังกล่าวให้เป็นสาธารณประโยชน์ตาม พ.ร.บ.การจัดสรรที่ดิน พ.ศ. 2543 มาตรา 44 (2) หรือ (3) (เดิม) ประการหนึ่งประการใด ดังนี้ การที่ผู้จัดสรรที่ดินโอนที่ดินอันเป็นสาธารณูปโภคหรือที่ดินที่ใช้เพื่อสาธารณะไปยังบุคคลอื่นจึงเป็นนิติกรรมที่ไม่อาจกระทำได้ตาม พ.ร.บ.การจัดสรรที่ดิน พ.ศ. 2543 มาตรา 33การซื้อขายที่ดินพิพาทโฉนดเลขที่ 65722 ระหว่างจำเลยร่วมที่ 1 กับจำเลยร่วมที่ 2 การขายฝากที่ดินแปลงดังกล่าวระหว่างจำเลยร่วมที่ 2 กับโจทก์ และการซื้อขายที่ดินพิพาทโฉนดเลขที่ 65657 ระหว่างจำเลยร่วมที่ 1 กับโจทก์ โดยไม่ได้รับอนุญาตจากคณะกรรมการจัดสรรที่ดินจังหวัดเพชรบุรี จึงเป็นนิติกรรมที่มีวัตถุประสงค์ต้องห้ามชัดแจ้งโดยกฎหมายอันเกี่ยวกับความสงบเรียบร้อยของประชาชน ตกเป็นโมฆะตาม ป.พ.พ. มาตรา 150 จำเลยได้จดทะเบียนจัดตั้งนิติบุคคลหมู่บ้านจัดสรรโดยชอบด้วย พ.ร.บ.การจัดสรรที่ดิน พ.ศ. 2543 แล้วจำเลยร่วมที่ 1 ในฐานะผู้จัดสรรที่ดินจึงต้องดำเนินการจดทะเบียนโอนที่ดินพิพาททั้งสองแปลงอันเป็นสาธารณูปโภคให้แก่จำเลยไปจัดการและดูแลบำรุงรักษาตาม พ.ร.บ.การจัดสรรที่ดิน พ.ศ. 2543 มาตรา 44 (1) (เดิม) โดยโจทก์ไม่มีสิทธิเข้าเกี่ยวข้องกับที่ดินพิพาททั้งสองแปลง,"ป.พ.พ. ม. 420 , ม. 575 พ.ร.บ.ความรับผิดทางละเมิดของเจ้าหน้าที่ พ.ศ.2539 ม. 4 , ม. 8 , ม. 10"
คำพิพากษาศาลฎีกาที่ 1137/2566,"ตาม พ.ร.บ.ว่าด้วยการกระทำความผิดเกี่ยวกับคอมพิวเตอร์ พ.ศ. 2550 มาตรา 20 บัญญัติว่า “ในกรณีที่มีการทำให้แพร่หลายซึ่งข้อมูลคอมพิวเตอร์ ดังต่อไปนี้ พนักงานเจ้าหน้าที่โดยได้รับความเห็นชอบจากรัฐมนตรีอาจยื่นคำร้องพร้อมแสดงพยานหลักฐานต่อศาลที่มีเขตอำนาจขอให้มีคำสั่งระงับการทำให้แพร่หลายหรือลบข้อมูลคอมพิวเตอร์นั้นออกจากระบบคอมพิวเตอร์ได้ (1) ข้อมูลคอมพิวเตอร์ที่เป็นความผิดตามพระราชบัญญัตินี้ (2) ข้อมูลคอมพิวเตอร์ที่อาจกระทบกระเทือนต่อความมั่นคงแห่งราชอาณาจักรตามที่กำหนดไว้ในภาค 2 ลักษณะ 1 หรือลักษณะ 1/1 แห่งประมวลกฎหมายอาญา” ดังนั้น การพิจารณาว่าข้อมูลคอมพิวเตอร์ที่แพร่หลายซึ่งพนักงานเจ้าหน้าที่จะขอให้ศาลมีคำสั่งระงับการทำให้แพร่หลายหรือลบข้อมูลคอมพิวเตอร์ออกจากระบบคอมพิวเตอร์ได้นั้นอาจเป็นเพียงกรณีที่ข้อมูลคอมพิวเตอร์อาจกระทบกระเทือนต่อความมั่นคงแห่งราชอาณาจักรตามที่กำหนดไว้ในภาค 2 ลักษณะ 1 หรือลักษณะ 1/1 แห่ง ป.อ. ตาม (2) ที่ พ.ร.บ.ว่าด้วยการกระทำความผิดเกี่ยวกับคอมพิวเตอร์บัญญัติไว้เพียงข้อเดียวก็ได้ โดยไม่จำต้องพิจารณาว่าข้อมูลคอมพิวเตอร์นั้นเป็นความผิดตามพระราชบัญญัตินี้ หรือเป็นความผิดต่อความมั่นคงแห่งราชอาณาจักรตามที่กำหนดไว้ในภาค 2 ลักษณะ 1 หรือลักษณะ 1/1 แห่ง ป.อ. แล้วหรือไม่ เมื่อผู้คัดค้านเสนอเรื่องการจัดการวัคซีนป้องกันโรคติดเชื้อไวรัสโคโรน่า 2019 มีหัวเรื่องระบุว่า วัคซีนพระราชทาน ใครได้ ใครเสีย นำเข้าข้อมูลคอมพิวเตอร์ แล้วต่อมามีผู้แสดงความเห็นทางอินเทอร์เน็ตว่า ""ธ.ลั่น ยอมติดโควิด ตายดีกว่า ไม่ขอใช้วัคซีนพระราชทาน"" ""วัคซีนภาษีไพร่ แจกจ่ายในนามเจ้า"" ""ผลประโยชน์ทับซ้อนนี้จะเพื่อใคร ก็เพื่อคนที่ซื้อหุ้น 100% ของบริษัท S. วัคซีนพระราชทาน"" ""ในหลวงรัชกาล...ไม่คิดจะออกมาอธิบายหน่อยเหรอครับ เรื่องวัคซีนโควิดในฐานะเจ้าของบริษัทที่ได้รับประโยชน์จากเงินภาษีของประชาชน ปล่อยให้หน่วยงานของรัฐบาลออกหน้าแทนมันไม่แฟร์นะครับ"" ""ผูกขาดวัคซีน หาซีนให้เจ้า"" แสดงว่าเมื่อมีผู้เห็นถ้อยคำของผู้คัดค้านตามข้อมูลคอมพิวเตอร์ดังกล่าวแล้วได้ออกมาแสดงความเห็นวิพากษ์วิจารณ์พระมหากษัตริย์ว่าอาจมีส่วนเกี่ยวข้องกับการจัดหาวัคซีนของรัฐบาล การกระทำของผู้ที่ออกมาแสดงความเห็นดังกล่าวอาจเป็นความผิดเกี่ยวกับความมั่นคงแห่งราชอาณาจักรตามที่กำหนดไว้ในภาค 2 ลักษณะ 1 แห่ง ป.อ. ดังนั้น หากให้ข้อมูลคอมพิวเตอร์ของผู้คัดค้านดังกล่าวแพร่หลายต่อไปอาจทำให้มีผู้ออกมาแสดงความเห็นที่อาจกระทบกระเทือนต่อความมั่นคงแห่งราชอาณาจักรได้ กรณีจึงมีเหตุให้ระงับการทำให้แพร่หลายซึ่งข้อมูลคอมพิวเตอร์ดังกล่าวโดยไม่จำเป็นต้องพิจารณาว่า ถ้อยคำของผู้คัดค้านตามข้อมูลคอมพิวเตอร์ดังกล่าวเป็นการใช้เสรีภาพในการวิพากษ์วิจารณ์การทำงานของรัฐบาลโดยสุจริตหรือไม่ และเป็นการหมิ่นประมาท ดูหมิ่น หรืออาฆาตมาดร้ายพระมหากษัตริย์แล้วหรือไม่",พ.ร.บ.ความรับผิดทางละเมิดของเจ้าหน้าที่ พ.ศ.2539
คำพิพากษาศาลฎีกาที่ 1112/2566,"แม้ข้อความสนทนาผ่านระบบแอปพลิเคชันไลน์ระหว่างโจทก์และจําเลยที่ 1 เป็นการสนทนาผ่านระบบเครือข่ายอินเทอร์เน็ตถือว่าเป็นการส่งข้อมูลทางอิเล็กทรอนิกส์ตาม พ.ร.บ.ว่าด้วยธุรกรรมทางอิเล็กทรอนิกส์ พ.ศ. 2544 และเป็นหลักฐานเป็นหนังสือลงลายมือชื่อจําเลยที่ 1 ก็ตาม แต่ข้อความสนทนาตามที่โจทก์นำสืบมายังไม่พอมีน้ำหนักฟังได้ว่า เงินจำนวน 7,800,000 บาท ที่โจทก์มอบให้แก่จําเลยที่ 1 ไปเป็นเงินกู้ยืม และไม่อาจถือเป็นหลักฐานกู้ยืมเงินเป็นหนังสือที่จําเลยที่ 1 ลงลายมือชื่อไว้แล้วหรือเป็นหนังสือรับสภาพหนี้เงินกู้ยืมตาม พ.ร.บ.ว่าด้วยธุรกรรมทางอิเล็กทรอนิกส์ พ.ศ. 2544 มาตรา 8 วรรคหนึ่ง และมาตรา 9 อันจะนํามาฟ้องร้องให้จําเลยที่ 1 และที่ 2 รับผิด ตาม ป.พ.พ. มาตรา 653 วรรคหนึ่ง",ป.วิ.อ. ม. 15 ป.วิ.พ. ม. 345 พ.ร.บ.จัดตั้งศาลแขวงและวิธีพิจารณาความอาญาในศาลแขวง พ.ศ.2499 ม. 4
